lesion_id,patient_id,fitspatrick,region,diameter_1,diameter_2,diagnostic,itch,grew,hurt,changed,bleed,elevation,img_id,biopsed
393,PAT_100,1,Face,7,3,NEV,f,f,f,f,f,f,PAT_100_393_898.png,t
31,PAT_1000,0,Ear,0,0,SEK,f,f,f,f,f,f,PAT_1000_31_620.png,f
53,PAT_1006,0,Forearm,0,0,ACK,f,f,f,f,f,f,PAT_1006_53_716.png,f
59,PAT_1008,0,Face,0,0,SEK,f,t,f,f,f,t,PAT_1008_59_297.png,f
1041,PAT_101,2,Neck,20,15,BCC,t,t,t,f,t,t,PAT_101_1041_651.png,t
82,PAT_1013,0,Back,0,0,ACK,t,f,f,f,f,f,PAT_1013_82_876.png,f
86,PAT_1014,0,Forearm,0,0,ACK,t,f,f,f,f,f,PAT_1014_86_861.png,f
97,PAT_1017,0,Face,0,0,ACK,t,f,f,f,f,f,PAT_1017_97_577.png,f
107,PAT_1018,0,Arm,0,0,ACK,f,f,f,f,f,f,PAT_1018_107_68.png,f
110,PAT_1019,0,Arm,0,0,ACK,t,f,f,f,f,f,PAT_1019_110_194.png,f
111,PAT_1020,0,Chest,0,0,ACK,f,f,f,f,f,f,PAT_1020_111_593.png,f
112,PAT_1021,0,Nose,0,0,ACK,t,f,f,f,f,f,PAT_1021_112_40.png,f
115,PAT_1022,0,Face,0,0,ACK,t,f,f,f,f,f,PAT_1022_115_132.png,f
124,PAT_1026,0,Face,0,0,ACK,t,f,f,f,f,f,PAT_1026_124_346.png,f
128,PAT_1027,0,Face,0,0,ACK,f,f,f,f,f,f,PAT_1027_128_854.png,f
135,PAT_1029,0,Nose,0,0,ACK,t,f,f,f,f,f,PAT_1029_135_239.png,f
148,PAT_1031,0,Forearm,0,0,ACK,t,f,f,f,f,f,PAT_1031_148_29.png,f
153,PAT_1033,0,Face,0,0,ACK,t,f,f,f,f,f,PAT_1033_153_301.png,f
161,PAT_1034,0,Arm,0,0,ACK,t,f,f,f,f,f,PAT_1034_161_203.png,f
165,PAT_1035,0,Face,0,0,ACK,f,f,f,f,f,f,PAT_1035_165_800.png,f
169,PAT_1036,0,Forearm,0,0,ACK,f,f,f,f,f,f,PAT_1036_169_687.png,f
1754,PAT_104,2,Arm,11,10,ACK,t,f,f,f,f,t,PAT_104_1754_276.png,t
187,PAT_1042,0,Hand,0,0,ACK,f,f,f,f,f,f,PAT_1042_187_746.png,f
203,PAT_1046,0,Forearm,0,0,SEK,f,f,f,f,f,t,PAT_1046_203_511.png,f
220,PAT_1051,0,Nose,0,0,ACK,f,f,f,f,f,f,PAT_1051_220_356.png,f
242,PAT_1057,0,Face,0,0,ACK,t,f,f,f,f,f,PAT_1057_242_297.png,f
254,PAT_1061,0,Chest,0,0,ACK,t,f,f,f,f,f,PAT_1061_254_813.png,f
264,PAT_1062,0,Chest,0,0,ACK,t,f,f,f,t,f,PAT_1062_264_741.png,f
269,PAT_1063,0,Forearm,0,0,ACK,t,f,f,f,f,f,PAT_1063_269_755.png,f
273,PAT_1064,0,Forearm,0,0,ACK,t,f,f,f,f,f,PAT_1064_273_980.png,f
277,PAT_1065,0,Chest,0,0,ACK,t,f,f,f,f,f,PAT_1065_277_768.png,f
281,PAT_1066,0,Forearm,0,0,ACK,t,f,f,f,f,f,PAT_1066_281_698.png,f
284,PAT_1067,0,Face,0,0,ACK,t,f,f,f,f,f,PAT_1067_284_533.png,f
285,PAT_1068,0,Abdomen,0,0,SEK,f,t,f,f,f,t,PAT_1068_285_845.png,f
160,PAT_107,1,Chest,9,8,SEK,f,t,f,f,f,t,PAT_107_160_609.png,t
305,PAT_1070,0,Forearm,0,0,ACK,t,f,f,f,f,f,PAT_1070_305_907.png,f
313,PAT_1071,0,Face,0,0,ACK,f,f,f,f,f,f,PAT_1071_313_789.png,f
318,PAT_1072,0,Face,0,0,SEK,f,t,f,f,f,f,PAT_1072_318_856.png,f
322,PAT_1074,0,Arm,0,0,ACK,t,f,f,f,f,f,PAT_1074_322_662.png,f
324,PAT_1075,0,Face,0,0,SEK,f,f,f,f,f,t,PAT_1075_324_177.png,f
162,PAT_108,2,Face,5,3,ACK,t,t,f,f,f,t,PAT_108_162_660.png,t
342,PAT_1082,0,Forearm,0,0,ACK,t,f,f,f,f,f,PAT_1082_342_705.png,f
373,PAT_1088,0,Forearm,0,0,ACK,t,f,f,f,f,f,PAT_1088_373_781.png,f
375,PAT_1089,0,Chest,0,0,NEV,f,t,f,f,f,t,PAT_1089_375_677.png,f
868,PAT_109,2,Ear,6,6,MEL,f,t,f,t,f,f,PAT_109_868_723.png,t
376,PAT_1090,0,Face,0,0,ACK,t,f,f,f,f,f,PAT_1090_376_384.png,f
378,PAT_1092,0,Forearm,0,0,ACK,t,f,f,f,f,f,PAT_1092_378_922.png,f
379,PAT_1093,0,Scalp,0,0,ACK,t,f,f,f,f,f,PAT_1093_379_273.png,f
381,PAT_1094,0,Forearm,0,0,ACK,f,f,f,f,f,f,PAT_1094_381_85.png,f
165,PAT_110,3,Nose,6,4,BCC,f,t,f,f,f,t,PAT_110_165_583.png,t
402,PAT_1100,0,Chest,0,0,SEK,f,t,f,f,f,t,PAT_1100_402_375.png,f
408,PAT_1102,0,Face,0,0,ACK,t,f,f,f,f,f,PAT_1102_408_613.png,f
420,PAT_1105,0,Nose,0,0,SEK,f,t,f,f,f,f,PAT_1105_420_520.png,f
427,PAT_1107,0,Back,0,0,NEV,f,t,f,f,f,t,PAT_1107_427_352.png,f
437,PAT_1109,0,Chest,0,0,NEV,f,t,f,f,f,t,PAT_1109_437_254.png,f
455,PAT_1112,0,Face,0,0,ACK,t,f,f,f,f,f,PAT_1112_455_845.png,f
458,PAT_1113,0,Face,0,0,NEV,f,t,f,f,f,t,PAT_1113_458_387.png,f
470,PAT_1118,0,Face,0,0,ACK,t,t,f,f,f,f,PAT_1118_470_710.png,f
472,PAT_1119,0,Hand,0,0,ACK,t,t,f,f,f,f,PAT_1119_472_513.png,f
479,PAT_1122,0,Arm,0,0,SEK,t,t,f,f,f,t,PAT_1122_479_664.png,f
489,PAT_1124,0,Back,0,0,ACK,t,f,f,f,f,f,PAT_1124_489_151.png,f
492,PAT_1125,0,Arm,0,0,ACK,t,f,f,f,f,t,PAT_1125_492_523.png,f
496,PAT_1127,0,Hand,0,0,ACK,f,f,f,f,f,f,PAT_1127_496_945.png,f
497,PAT_1128,0,Face,0,0,ACK,t,t,f,t,f,f,PAT_1128_497_322.png,f
498,PAT_1129,0,Scalp,0,0,NEV,f,t,t,f,f,t,PAT_1129_498_930.png,f
501,PAT_1130,0,Forearm,0,0,ACK,t,f,f,f,f,f,PAT_1130_501_181.png,f
508,PAT_1132,0,Forearm,0,0,ACK,t,f,f,f,f,f,PAT_1132_508_325.png,f
510,PAT_1133,0,Hand,0,0,ACK,t,f,f,f,f,f,PAT_1133_510_956.png,f
517,PAT_1136,0,Chest,0,0,NEV,f,t,f,f,f,t,PAT_1136_517_92.png,f
520,PAT_1138,0,Ear,0,0,NEV,f,f,f,f,f,f,PAT_1138_520_154.png,f
523,PAT_1139,0,Hand,0,0,ACK,t,f,f,f,f,f,PAT_1139_523_682.png,f
526,PAT_1141,0,Face,0,0,ACK,t,f,f,f,f,f,PAT_1141_526_416.png,f
534,PAT_1145,0,Hand,0,0,ACK,t,f,f,f,f,f,PAT_1145_534_524.png,f
542,PAT_1148,0,Back,0,0,NEV,f,t,f,f,f,t,PAT_1148_542_708.png,f
175,PAT_115,2,Face,10,4,BCC,t,t,t,f,t,t,PAT_115_175_206.png,t
551,PAT_1151,0,Forearm,0,0,ACK,t,f,f,f,f,f,PAT_1151_551_241.png,f
555,PAT_1153,0,Back,0,0,NEV,t,t,f,f,t,t,PAT_1153_555_98.png,f
570,PAT_1158,0,Chest,0,0,ACK,t,t,f,f,f,f,PAT_1158_570_376.png,f
578,PAT_1161,0,Chest,0,0,NEV,f,t,f,f,f,f,PAT_1161_578_233.png,f
179,PAT_117,1,Face,15,10,BCC,t,t,t,f,t,t,PAT_117_179_983.png,t
608,PAT_1170,0,Forearm,0,0,ACK,t,f,f,f,f,f,PAT_1170_608_367.png,f
615,PAT_1171,0,Thigh,0,0,ACK,t,f,t,f,f,f,PAT_1171_615_468.png,f
622,PAT_1172,0,Face,0,0,ACK,t,t,f,f,f,f,PAT_1172_622_420.png,f
628,PAT_1174,0,Forearm,0,0,ACK,f,f,f,f,f,f,PAT_1174_628_915.png,f
631,PAT_1176,0,Forearm,0,0,ACK,t,t,f,f,f,f,PAT_1176_631_36.png,f
633,PAT_1177,0,Forearm,0,0,ACK,f,f,f,f,f,f,PAT_1177_633_705.png,f
641,PAT_1179,0,Chest,0,0,NEV,f,t,f,f,f,t,PAT_1179_641_735.png,f
180,PAT_118,2,Nose,5,3,BCC,t,t,f,t,t,t,PAT_118_180_386.png,t
651,PAT_1180,0,Back,0,0,NEV,f,f,f,f,f,t,PAT_1180_651_559.png,f
659,PAT_1181,0,Forearm,0,0,ACK,t,t,f,f,f,f,PAT_1181_659_231.png,f
676,PAT_1184,0,Forearm,0,0,ACK,t,t,f,f,f,f,PAT_1184_676_303.png,f
679,PAT_1185,0,Face,0,0,SEK,t,f,t,f,f,f,PAT_1185_679_115.png,f
680,PAT_1186,0,Thigh,0,0,NEV,f,f,f,f,f,t,PAT_1186_680_578.png,f
181,PAT_119,2,Face,5,5,BCC,t,t,t,f,t,t,PAT_119_181_684.png,t
700,PAT_1190,0,Face,0,0,SEK,f,t,f,f,f,f,PAT_1190_700_663.png,f
713,PAT_1197,0,Face,0,0,NEV,f,t,f,f,f,f,PAT_1197_713_520.png,f
715,PAT_1198,0,Abdomen,0,0,SEK,f,t,f,f,f,t,PAT_1198_715_648.png,f
183,PAT_120,2,Neck,10,8,BCC,t,t,t,f,t,t,PAT_120_183_623.png,t
722,PAT_1202,0,Arm,0,0,SEK,f,t,f,f,f,f,PAT_1202_722_827.png,f
724,PAT_1203,0,Forearm,0,0,SEK,f,f,f,f,f,t,PAT_1203_724_762.png,f
736,PAT_1208,0,Face,0,0,NEV,f,t,f,f,f,f,PAT_1208_736_599.png,f
737,PAT_1209,0,Forearm,0,0,ACK,t,t,f,f,t,f,PAT_1209_737_590.png,f
184,PAT_121,2,Chest,8,6,BCC,f,t,t,f,t,t,PAT_121_184_502.png,t
738,PAT_1210,0,Nose,0,0,ACK,t,f,f,f,f,f,PAT_1210_738_915.png,f
752,PAT_1215,0,Forearm,0,0,NEV,t,t,f,f,f,f,PAT_1215_752_707.png,f
759,PAT_1216,0,Face,0,0,NEV,f,t,f,f,f,t,PAT_1216_759_542.png,f
762,PAT_1217,0,Face,0,0,NEV,f,t,f,f,f,t,PAT_1217_762_198.png,f
764,PAT_1219,0,Face,0,0,NEV,t,t,f,f,f,t,PAT_1219_764_111.png,f
765,PAT_1220,0,Back,0,0,SEK,t,t,f,f,f,t,PAT_1220_765_464.png,f
766,PAT_1221,0,Arm,0,0,SEK,t,t,f,f,f,t,PAT_1221_766_430.png,f
767,PAT_1222,0,Forearm,0,0,ACK,t,f,f,f,f,f,PAT_1222_767_519.png,f
770,PAT_1223,0,Face,0,0,NEV,t,t,f,f,f,t,PAT_1223_770_120.png,f
794,PAT_1229,0,Arm,0,0,NEV,f,t,f,f,f,f,PAT_1229_794_274.png,f
824,PAT_1241,0,Chest,0,0,SEK,t,t,f,f,f,t,PAT_1241_824_82.png,f
826,PAT_1242,0,Thigh,0,0,NEV,f,f,f,f,f,f,PAT_1242_826_903.png,f
836,PAT_1243,0,Forearm,0,0,ACK,t,t,f,f,f,f,PAT_1243_836_47.png,f
840,PAT_1244,0,Forearm,0,0,ACK,t,f,f,f,f,f,PAT_1244_840_975.png,f
844,PAT_1245,0,Chest,0,0,NEV,f,f,f,f,f,f,PAT_1245_844_471.png,f
846,PAT_1246,0,Arm,0,0,ACK,t,f,f,f,f,f,PAT_1246_846_899.png,f
852,PAT_1247,0,Forearm,0,0,ACK,t,f,f,f,f,f,PAT_1247_852_178.png,f
862,PAT_1249,0,Back,0,0,NEV,f,t,f,f,f,t,PAT_1249_862_658.png,f
866,PAT_1252,0,Back,0,0,SEK,t,t,f,f,f,t,PAT_1252_866_852.png,f
876,PAT_1255,0,Arm,0,0,ACK,f,t,f,f,f,f,PAT_1255_876_939.png,f
879,PAT_1256,0,Back,0,0,NEV,f,f,f,t,f,f,PAT_1256_879_199.png,f
887,PAT_1257,0,Back,0,0,NEV,f,f,f,f,f,f,PAT_1257_887_828.png,f
892,PAT_1259,0,Nose,0,0,ACK,t,f,f,f,f,f,PAT_1259_892_793.png,f
191,PAT_126,1,Face,10,5,BCC,t,t,f,f,t,f,PAT_126_191_304.png,t
894,PAT_1260,0,Forearm,0,0,ACK,t,f,f,f,f,f,PAT_1260_894_63.png,f
896,PAT_1261,0,Face,0,0,SEK,f,f,f,f,f,t,PAT_1261_896_349.png,f
907,PAT_1264,0,Back,0,0,NEV,f,t,f,f,f,t,PAT_1264_907_674.png,f
908,PAT_1265,0,Face,0,0,ACK,t,f,f,f,f,f,PAT_1265_908_754.png,f
912,PAT_1267,0,Forearm,0,0,ACK,t,f,f,f,f,f,PAT_1267_912_371.png,f
936,PAT_1269,0,Chest,0,0,SEK,f,f,f,f,f,t,PAT_1269_936_965.png,f
953,PAT_1273,0,Back,0,0,NEV,f,t,f,f,f,t,PAT_1273_953_510.png,f
954,PAT_1274,0,Face,0,0,ACK,t,f,f,f,f,f,PAT_1274_954_677.png,f
955,PAT_1275,0,Forearm,0,0,ACK,t,t,f,f,f,f,PAT_1275_955_131.png,f
957,PAT_1276,0,Face,0,0,NEV,f,t,f,f,f,t,PAT_1276_957_406.png,f
964,PAT_1277,0,Chest,0,0,ACK,t,f,f,f,f,f,PAT_1277_964_152.png,f
965,PAT_1278,0,Forearm,0,0,ACK,t,f,f,f,t,f,PAT_1278_965_701.png,f
194,PAT_128,2,Chest,9,6,BCC,t,t,f,f,f,t,PAT_128_194_144.png,t
972,PAT_1280,0,Forearm,0,0,ACK,t,f,f,f,f,f,PAT_1280_972_727.png,f
978,PAT_1282,0,Neck,0,0,ACK,t,f,f,f,f,t,PAT_1282_978_328.png,f
995,PAT_1284,0,Forearm,0,0,ACK,t,f,f,f,f,f,PAT_1284_995_150.png,f
1000,PAT_1286,0,Face,0,0,SEK,f,f,f,f,f,t,PAT_1286_1000_517.png,f
1003,PAT_1288,0,Neck,0,0,NEV,f,t,f,f,f,t,PAT_1288_1003_553.png,f
1031,PAT_1294,0,Face,0,0,ACK,t,f,t,f,f,f,PAT_1294_1031_466.png,f
1038,PAT_1296,0,Forearm,0,0,ACK,t,f,f,f,f,f,PAT_1296_1038_1.png,f
1048,PAT_1297,0,Forearm,0,0,NEV,f,t,f,f,f,f,PAT_1297_1048_353.png,f
1051,PAT_1298,0,Face,0,0,NEV,f,t,f,f,f,t,PAT_1298_1051_831.png,f
1055,PAT_1299,0,Arm,0,0,ACK,t,f,f,f,f,f,PAT_1299_1055_591.png,f
1056,PAT_1300,0,Nose,0,0,ACK,t,t,f,f,f,f,PAT_1300_1056_532.png,f
1063,PAT_1301,0,Arm,0,0,ACK,t,t,f,f,f,f,PAT_1301_1063_739.png,f
1077,PAT_1303,0,Forearm,0,0,ACK,t,f,f,f,f,f,PAT_1303_1077_501.png,f
3507,PAT_1304,0,Back,0,0,NEV,f,t,f,f,f,t,PAT_1304_3507_308.png,f
4097,PAT_1305,0,Face,0,0,SEK,f,f,f,f,f,t,PAT_1305_4097_251.png,f
1086,PAT_1306,0,Back,0,0,SEK,f,f,f,f,f,t,PAT_1306_1086_762.png,f
1092,PAT_1307,0,Forearm,0,0,ACK,t,f,f,f,f,t,PAT_1307_1092_878.png,f
1095,PAT_1308,0,Abdomen,0,0,NEV,f,t,f,f,f,t,PAT_1308_1095_117.png,f
1096,PAT_1309,0,Arm,0,0,ACK,t,t,f,f,t,f,PAT_1309_1096_393.png,f
197,PAT_131,2,Forearm,17,15,SCC,t,t,t,f,t,t,PAT_131_197_974.png,t
1097,PAT_1310,0,Chest,0,0,SEK,f,t,f,f,f,t,PAT_1310_1097_774.png,f
1102,PAT_1312,0,Face,0,0,SEK,t,t,f,f,f,t,PAT_1312_1102_578.png,f
1105,PAT_1313,0,Hand,0,0,ACK,t,t,f,f,f,t,PAT_1313_1105_284.png,f
1108,PAT_1314,0,Face,0,0,SEK,t,t,f,f,f,t,PAT_1314_1108_442.png,f
1110,PAT_1315,0,Arm,0,0,ACK,t,f,f,f,f,f,PAT_1315_1110_317.png,f
1114,PAT_1316,0,Arm,0,0,ACK,t,f,f,f,f,f,PAT_1316_1114_517.png,f
1130,PAT_1317,0,Forearm,0,0,ACK,t,f,f,f,f,f,PAT_1317_1130_656.png,f
198,PAT_132,2,Nose,11,7,BCC,t,t,t,f,t,t,PAT_132_198_114.png,t
1135,PAT_1320,0,Forearm,0,0,ACK,t,f,f,f,f,f,PAT_1320_1135_471.png,f
1137,PAT_1322,0,Chest,0,0,ACK,t,f,f,f,f,f,PAT_1322_1137_201.png,f
1145,PAT_1324,0,Forearm,0,0,ACK,t,f,f,f,f,f,PAT_1324_1145_309.png,f
1156,PAT_1326,0,Abdomen,0,0,NEV,f,t,f,f,f,t,PAT_1326_1156_139.png,f
1168,PAT_1329,0,Thigh,0,0,SEK,f,t,f,f,f,f,PAT_1329_1168_620.png,f
1172,PAT_1330,0,Chest,0,0,NEV,f,f,f,f,f,t,PAT_1330_1172_722.png,f
1173,PAT_1331,0,Back,0,0,NEV,f,t,f,f,f,t,PAT_1331_1173_380.png,f
1174,PAT_1332,0,Face,0,0,SEK,f,t,f,f,f,f,PAT_1332_1174_839.png,f
1177,PAT_1333,0,Back,0,0,NEV,f,t,f,f,f,t,PAT_1333_1177_261.png,f
1178,PAT_1334,0,Back,0,0,NEV,t,t,f,f,f,t,PAT_1334_1178_413.png,f
1181,PAT_1335,0,Back,0,0,NEV,f,t,f,f,f,t,PAT_1335_1181_21.png,f
201,PAT_134,1,Nose,10,6,BCC,f,t,f,f,f,f,PAT_134_201_587.png,t
1208,PAT_1340,0,Forearm,0,0,SEK,f,t,f,f,f,t,PAT_1340_1208_931.png,f
1212,PAT_1341,0,Forearm,0,0,SEK,f,f,f,f,f,f,PAT_1341_1212_539.png,f
1217,PAT_1343,0,Forearm,0,0,SEK,f,f,f,f,f,f,PAT_1343_1217_404.png,f
1222,PAT_1344,0,Face,0,0,NEV,f,f,f,f,f,t,PAT_1344_1222_456.png,f
1223,PAT_1345,0,Back,0,0,NEV,f,t,f,f,f,t,PAT_1345_1223_175.png,f
1226,PAT_1347,0,Neck,0,0,ACK,t,f,f,f,f,f,PAT_1347_1226_928.png,f
1229,PAT_1349,0,Foot,0,0,NEV,f,f,f,f,f,t,PAT_1349_1229_828.png,f
202,PAT_135,2,Back,10,9,BCC,t,t,t,f,t,t,PAT_135_202_105.png,t
1230,PAT_1350,0,Back,0,0,NEV,f,f,f,f,f,t,PAT_1350_1230_878.png,f
1231,PAT_1351,0,Abdomen,0,0,NEV,f,t,f,t,f,t,PAT_1351_1231_203.png,f
1246,PAT_1364,0,Back,0,0,NEV,f,t,f,f,f,t,PAT_1364_1246_420.png,f
1253,PAT_1365,0,Arm,0,0,ACK,t,f,f,f,f,f,PAT_1365_1253_912.png,f
1264,PAT_1367,0,Forearm,0,0,ACK,f,f,f,f,f,f,PAT_1367_1264_801.png,f
1269,PAT_1369,0,Forearm,0,0,ACK,t,f,f,f,f,t,PAT_1369_1269_370.png,f
1274,PAT_1370,0,Chest,0,0,ACK,t,f,f,f,f,f,PAT_1370_1274_515.png,f
1276,PAT_1371,0,Chest,0,0,ACK,t,f,f,f,f,f,PAT_1371_1276_145.png,f
1283,PAT_1373,0,Forearm,0,0,ACK,t,t,f,f,t,f,PAT_1373_1283_85.png,f
1286,PAT_1374,0,Chest,0,0,ACK,t,f,f,f,t,t,PAT_1374_1286_939.png,f
1297,PAT_1376,0,Forearm,0,0,ACK,t,t,f,f,f,t,PAT_1376_1297_686.png,f
3512,PAT_1377,0,Face,0,0,SEK,f,f,f,f,f,t,PAT_1377_3512_370.png,f
4145,PAT_1379,0,Thigh,0,0,NEV,f,t,f,f,f,f,PAT_1379_4145_486.png,f
1314,PAT_1381,0,Arm,0,0,ACK,t,f,f,f,f,f,PAT_1381_1314_517.png,f
1323,PAT_1385,0,Face,0,0,ACK,t,f,f,f,f,t,PAT_1385_1323_100.png,f
3513,PAT_1388,0,Arm,0,0,NEV,f,f,f,f,f,t,PAT_1388_3513_146.png,f
207,PAT_139,2,Face,11,9,BCC,t,t,t,f,t,f,PAT_139_207_342.png,t
1346,PAT_1390,0,Face,0,0,ACK,t,f,f,f,f,t,PAT_1390_1346_709.png,f
1351,PAT_1391,0,Thigh,0,0,NEV,f,f,f,f,f,t,PAT_1391_1351_396.png,f
1353,PAT_1392,0,Neck,0,0,ACK,t,f,f,f,f,f,PAT_1392_1353_161.png,f
1355,PAT_1393,0,Forearm,0,0,ACK,t,f,f,f,f,f,PAT_1393_1355_270.png,f
1360,PAT_1396,0,Forearm,0,0,SEK,t,f,f,f,f,t,PAT_1396_1360_4.png,f
1361,PAT_1397,0,Face,0,0,SEK,f,t,f,f,f,f,PAT_1397_1361_183.png,f
1367,PAT_1399,0,Face,0,0,ACK,t,f,f,f,f,f,PAT_1399_1367_121.png,f
1372,PAT_1400,0,Face,0,0,SEK,f,t,f,f,f,t,PAT_1400_1372_276.png,f
1374,PAT_1401,0,Chest,0,0,NEV,f,t,f,f,f,t,PAT_1401_1374_593.png,f
1377,PAT_1402,0,Arm,0,0,ACK,t,t,f,f,f,f,PAT_1402_1377_959.png,f
1392,PAT_1403,0,Nose,0,0,ACK,f,f,f,f,f,f,PAT_1403_1392_407.png,f
1393,PAT_1404,0,Face,0,0,SEK,f,t,f,f,f,t,PAT_1404_1393_540.png,f
1395,PAT_1405,0,Face,0,0,ACK,f,f,f,f,f,f,PAT_1405_1395_96.png,f
1397,PAT_1406,0,Forearm,0,0,ACK,t,f,f,f,f,f,PAT_1406_1397_669.png,f
1402,PAT_1407,0,Forearm,0,0,ACK,t,f,f,f,f,f,PAT_1407_1402_734.png,f
1404,PAT_1408,0,Ear,0,0,SEK,f,f,f,f,f,t,PAT_1408_1404_929.png,f
209,PAT_141,2,Face,7,5,BCC,t,t,f,f,f,t,PAT_141_209_438.png,t
1410,PAT_1410,0,Nose,0,0,ACK,t,t,f,f,f,t,PAT_1410_1410_46.png,f
1414,PAT_1411,0,Hand,0,0,ACK,t,f,f,f,f,t,PAT_1411_1414_355.png,f
1421,PAT_1412,0,Hand,0,0,ACK,t,f,f,f,f,f,PAT_1412_1421_512.png,f
1429,PAT_1414,0,Arm,0,0,ACK,t,f,f,f,t,f,PAT_1414_1429_59.png,f
1439,PAT_1415,0,Forearm,0,0,ACK,f,f,f,f,f,f,PAT_1415_1439_295.png,f
1447,PAT_1418,0,Back,0,0,SEK,f,t,f,f,f,t,PAT_1418_1447_360.png,f
1460,PAT_1420,0,Arm,0,0,SEK,t,f,f,f,f,t,PAT_1420_1460_733.png,f
1464,PAT_1421,0,Arm,0,0,ACK,t,f,f,f,f,f,PAT_1421_1464_297.png,f
1472,PAT_1423,0,Face,0,0,ACK,t,f,f,f,f,f,PAT_1423_1472_18.png,f
1485,PAT_1427,0,Forearm,0,0,ACK,t,f,f,f,f,f,PAT_1427_1485_15.png,f
1489,PAT_1428,0,Forearm,0,0,ACK,t,f,f,f,f,f,PAT_1428_1489_38.png,f
1491,PAT_1429,0,Forearm,0,0,ACK,t,f,f,f,f,f,PAT_1429_1491_451.png,f
213,PAT_143,2,Chest,8,7,BCC,t,t,f,f,f,t,PAT_143_213_489.png,t
1495,PAT_1431,0,Forearm,0,0,ACK,t,f,f,f,f,f,PAT_1431_1495_511.png,f
1497,PAT_1432,0,Forearm,0,0,ACK,t,f,f,f,f,f,PAT_1432_1497_328.png,f
1499,PAT_1433,0,Forearm,0,0,ACK,t,f,f,f,f,f,PAT_1433_1499_29.png,f
1521,PAT_1439,0,Face,0,0,ACK,f,f,f,f,f,t,PAT_1439_1521_868.png,f
1531,PAT_1441,0,Forearm,0,0,ACK,t,f,f,f,f,f,PAT_1441_1531_670.png,f
1536,PAT_1443,0,Neck,0,0,ACK,t,f,f,f,t,f,PAT_1443_1536_166.png,f
1551,PAT_1448,0,Back,0,0,NEV,t,t,f,t,f,f,PAT_1448_1551_366.png,f
1554,PAT_1449,0,Forearm,0,0,ACK,t,f,f,f,f,f,PAT_1449_1554_932.png,f
216,PAT_145,2,Nose,8,5,BCC,t,t,t,t,t,f,PAT_145_216_158.png,t
1556,PAT_1450,0,Face,0,0,ACK,t,f,f,f,f,f,PAT_1450_1556_114.png,f
1562,PAT_1451,0,Chest,0,0,NEV,f,t,f,f,f,t,PAT_1451_1562_545.png,f
1564,PAT_1452,0,Face,0,0,ACK,f,f,f,f,f,f,PAT_1452_1564_377.png,f
1567,PAT_1453,0,Face,0,0,NEV,f,f,f,f,f,t,PAT_1453_1567_250.png,f
1585,PAT_1455,0,Forearm,0,0,SEK,f,f,f,f,f,f,PAT_1455_1585_690.png,f
1598,PAT_1460,0,Face,0,0,SEK,f,t,f,f,f,t,PAT_1460_1598_959.png,f
1600,PAT_1461,0,Face,0,0,SEK,f,t,f,f,f,t,PAT_1461_1600_867.png,f
1612,PAT_1464,0,Forearm,0,0,ACK,t,f,f,f,f,f,PAT_1464_1612_284.png,f
1618,PAT_1466,0,Arm,0,0,ACK,t,f,f,f,f,f,PAT_1466_1618_147.png,f
1622,PAT_1468,0,Forearm,0,0,ACK,t,f,f,f,t,f,PAT_1468_1622_219.png,f
1627,PAT_1469,0,Forearm,0,0,ACK,t,f,f,f,f,f,PAT_1469_1627_109.png,f
219,PAT_147,2,Face,10,8,BCC,t,t,t,f,t,t,PAT_147_219_544.png,t
1639,PAT_1472,0,Forearm,0,0,ACK,t,f,f,f,f,t,PAT_1472_1639_87.png,f
1651,PAT_1475,0,Hand,0,0,ACK,t,f,f,f,f,t,PAT_1475_1651_727.png,f
1657,PAT_1476,0,Chest,0,0,ACK,t,f,f,f,f,t,PAT_1476_1657_788.png,f
1660,PAT_1477,0,Scalp,0,0,NEV,f,f,f,f,f,t,PAT_1477_1660_226.png,f
1669,PAT_1479,0,Arm,0,0,ACK,t,f,f,f,f,f,PAT_1479_1669_376.png,f
220,PAT_148,2,Ear,8,8,ACK,t,f,f,f,f,f,PAT_148_220_174.png,t
1673,PAT_1480,0,Scalp,0,0,SEK,t,t,f,f,f,t,PAT_1480_1673_701.png,f
1674,PAT_1481,0,Face,0,0,ACK,t,f,f,f,f,f,PAT_1481_1674_735.png,f
1677,PAT_1482,0,Forearm,0,0,ACK,t,f,f,f,f,f,PAT_1482_1677_382.png,f
1678,PAT_1483,0,Forearm,0,0,ACK,t,f,f,f,f,f,PAT_1483_1678_850.png,f
1682,PAT_1484,0,Hand,0,0,NEV,f,f,f,f,f,t,PAT_1484_1682_240.png,f
1684,PAT_1486,0,Forearm,0,0,ACK,t,f,f,f,f,f,PAT_1486_1684_182.png,f
221,PAT_149,2,Face,15,5,BCC,t,t,t,f,t,f,PAT_149_221_679.png,t
1703,PAT_1491,0,Forearm,0,0,ACK,t,f,f,f,t,t,PAT_1491_1703_637.png,f
1705,PAT_1492,0,Forearm,0,0,ACK,t,f,f,f,f,t,PAT_1492_1705_578.png,f
1707,PAT_1494,0,Abdomen,0,0,SEK,t,t,f,f,f,t,PAT_1494_1707_125.png,f
1708,PAT_1495,0,Back,0,0,SEK,t,t,f,f,f,t,PAT_1495_1708_278.png,f
1712,PAT_1497,0,Forearm,0,0,ACK,f,f,f,f,f,f,PAT_1497_1712_633.png,f
1716,PAT_1498,0,Forearm,0,0,ACK,t,f,f,f,f,f,PAT_1498_1716_626.png,f
1728,PAT_1503,0,Back,0,0,NEV,f,f,f,f,f,f,PAT_1503_1728_65.png,f
1733,PAT_1505,0,Arm,0,0,ACK,t,f,f,f,f,f,PAT_1505_1733_128.png,f
1735,PAT_1506,0,Face,0,0,ACK,f,f,f,f,f,f,PAT_1506_1735_733.png,f
1741,PAT_1509,0,Forearm,0,0,SEK,f,f,f,f,f,f,PAT_1509_1741_810.png,f
227,PAT_151,2,Nose,7,5,BCC,t,t,t,f,t,f,PAT_151_227_63.png,t
1747,PAT_1513,0,Forearm,0,0,ACK,t,f,f,f,f,f,PAT_1513_1747_851.png,f
1760,PAT_1514,0,Face,0,0,NEV,f,t,f,f,f,t,PAT_1514_1760_35.png,f
1765,PAT_1516,0,Arm,0,0,NEV,f,f,f,f,f,f,PAT_1516_1765_530.png,f
230,PAT_152,2,Back,15,10,BCC,t,f,t,f,t,f,PAT_152_230_934.png,t
1777,PAT_1520,0,Abdomen,0,0,NEV,f,t,f,f,f,t,PAT_1520_1777_935.png,f
1778,PAT_1521,0,Face,0,0,SEK,t,t,f,f,f,t,PAT_1521_1778_763.png,f
1792,PAT_1526,0,Forearm,0,0,ACK,t,f,f,f,f,f,PAT_1526_1792_482.png,f
1794,PAT_1527,0,Back,0,0,SEK,t,t,f,f,f,t,PAT_1527_1794_662.png,f
1795,PAT_1528,0,Face,0,0,ACK,t,f,f,f,f,f,PAT_1528_1795_12.png,f
1798,PAT_1529,0,Face,0,0,SEK,t,t,f,f,f,t,PAT_1529_1798_206.png,f
1200,PAT_153,2,Face,9,5,BCC,f,t,f,f,f,t,PAT_153_1200_541.png,t
1800,PAT_1531,0,Forearm,0,0,ACK,t,f,f,f,f,f,PAT_1531_1800_683.png,f
1809,PAT_1534,0,Face,0,0,NEV,f,t,f,f,f,t,PAT_1534_1809_366.png,f
1812,PAT_1535,0,Forearm,0,0,NEV,f,t,f,f,f,t,PAT_1535_1812_660.png,f
1819,PAT_1536,0,Forearm,0,0,ACK,t,f,f,f,t,t,PAT_1536_1819_91.png,f
1830,PAT_1538,0,Face,0,0,ACK,t,f,f,f,f,f,PAT_1538_1830_693.png,f
237,PAT_154,3,Arm,9,7,BCC,t,t,f,f,f,t,PAT_154_237_625.png,t
1847,PAT_1540,0,Face,0,0,ACK,t,f,f,f,f,f,PAT_1540_1847_249.png,f
4346,PAT_1543,0,Hand,0,0,ACK,t,f,f,f,f,f,PAT_1543_4346_860.png,f
1867,PAT_1545,0,Face,0,0,ACK,t,f,f,f,f,f,PAT_1545_1867_547.png,f
1871,PAT_1546,0,Hand,0,0,ACK,t,f,f,f,f,f,PAT_1546_1871_376.png,f
1874,PAT_1547,0,Hand,0,0,ACK,t,f,f,f,f,t,PAT_1547_1874_432.png,f
1882,PAT_1549,0,Chest,0,0,SEK,t,f,f,f,f,t,PAT_1549_1882_230.png,f
1886,PAT_1550,0,Forearm,0,0,ACK,t,f,f,f,t,t,PAT_1550_1886_849.png,f
1889,PAT_1551,0,Forearm,0,0,ACK,t,f,f,f,f,t,PAT_1551_1889_948.png,f
1895,PAT_1552,0,Face,0,0,ACK,t,f,f,f,f,f,PAT_1552_1895_190.png,f
4170,PAT_1554,0,Face,0,0,SEK,f,f,f,f,f,t,PAT_1554_4170_992.png,f
2396,PAT_1555,0,Face,0,0,SEK,f,t,f,f,f,t,PAT_1555_2396_71.png,f
2399,PAT_1557,0,Hand,0,0,ACK,t,f,f,f,f,f,PAT_1557_2399_681.png,f
241,PAT_156,2,Chest,22,6,BCC,t,t,f,f,f,t,PAT_156_241_538.png,t
2426,PAT_1563,0,Forearm,0,0,ACK,t,f,f,f,f,f,PAT_1563_2426_436.png,f
2432,PAT_1565,0,Hand,0,0,ACK,t,f,f,f,f,t,PAT_1565_2432_808.png,f
2435,PAT_1566,0,Face,0,0,ACK,t,f,f,f,f,t,PAT_1566_2435_150.png,f
2454,PAT_1568,0,Neck,0,0,NEV,f,t,f,f,f,t,PAT_1568_2454_468.png,f
2456,PAT_1569,0,Face,0,0,SEK,t,f,f,f,f,t,PAT_1569_2456_393.png,f
2472,PAT_1570,0,Back,0,0,NEV,f,t,f,f,f,f,PAT_1570_2472_418.png,f
2484,PAT_1571,0,Face,0,0,ACK,t,f,f,f,f,f,PAT_1571_2484_488.png,f
2495,PAT_1572,0,Forearm,0,0,ACK,t,f,f,f,f,f,PAT_1572_2495_335.png,f
2499,PAT_1573,0,Face,0,0,ACK,t,f,f,f,f,f,PAT_1573_2499_849.png,f
2516,PAT_1575,0,Face,0,0,ACK,t,f,f,f,f,f,PAT_1575_2516_23.png,f
2543,PAT_1577,0,Face,0,0,SEK,t,f,f,f,f,t,PAT_1577_2543_510.png,f
621,PAT_158,1,Arm,6,5,ACK,t,f,f,f,f,f,PAT_158_621_68.png,f
2570,PAT_1581,0,Chest,0,0,ACK,t,f,f,f,f,f,PAT_1581_2570_738.png,f
2574,PAT_1582,0,Face,0,0,SEK,f,f,f,f,f,t,PAT_1582_2574_34.png,f
2607,PAT_1583,0,Face,0,0,SEK,f,f,f,f,f,f,PAT_1583_2607_628.png,f
2610,PAT_1584,0,Face,0,0,ACK,t,f,f,f,f,f,PAT_1584_2610_223.png,f
2619,PAT_1585,0,Forearm,0,0,SEK,t,f,f,f,f,t,PAT_1585_2619_396.png,f
2624,PAT_1586,0,Arm,0,0,SEK,t,f,f,f,f,f,PAT_1586_2624_615.png,f
2625,PAT_1587,0,Back,0,0,NEV,f,f,f,f,f,t,PAT_1587_2625_226.png,f
2629,PAT_1588,0,Face,0,0,NEV,t,t,f,f,f,t,PAT_1588_2629_296.png,f
2648,PAT_1591,0,Back,0,0,NEV,f,t,f,f,f,t,PAT_1591_2648_855.png,f
2651,PAT_1593,0,Forearm,0,0,ACK,t,f,f,f,f,f,PAT_1593_2651_122.png,f
2656,PAT_1594,0,Forearm,0,0,ACK,t,f,f,f,f,f,PAT_1594_2656_679.png,f
2664,PAT_1596,0,Arm,0,0,ACK,t,f,f,f,f,f,PAT_1596_2664_323.png,f
2666,PAT_1597,0,Abdomen,0,0,NEV,f,t,f,f,f,t,PAT_1597_2666_130.png,f
248,PAT_160,2,Chest,11,10,BCC,t,t,t,f,t,f,PAT_160_248_254.png,t
2685,PAT_1600,0,Forearm,0,0,ACK,t,f,f,f,f,t,PAT_1600_2685_445.png,f
2704,PAT_1603,0,Back,0,0,NEV,f,f,f,f,f,f,PAT_1603_2704_969.png,f
2715,PAT_1605,0,Chest,0,0,ACK,t,f,f,f,f,f,PAT_1605_2715_845.png,f
2720,PAT_1608,0,Neck,0,0,ACK,t,f,f,f,f,f,PAT_1608_2720_196.png,f
250,PAT_161,2,Arm,14,12,BCC,t,f,f,f,f,f,PAT_161_250_338.png,t
2725,PAT_1611,0,Back,0,0,NEV,f,t,f,f,f,t,PAT_1611_2725_680.png,f
2744,PAT_1613,0,Thigh,0,0,NEV,f,t,f,f,f,t,PAT_1613_2744_603.png,f
2747,PAT_1614,0,Arm,0,0,NEV,f,t,f,f,f,t,PAT_1614_2747_533.png,f
2749,PAT_1615,0,Forearm,0,0,ACK,t,t,f,f,f,f,PAT_1615_2749_350.png,f
2771,PAT_1618,0,Face,0,0,SEK,f,t,f,f,f,t,PAT_1618_2771_628.png,f
2774,PAT_1619,0,Arm,0,0,SEK,f,f,f,f,f,t,PAT_1619_2774_616.png,f
2779,PAT_1620,0,Forearm,0,0,ACK,t,f,f,f,f,f,PAT_1620_2779_319.png,f
2807,PAT_1624,0,Forearm,0,0,NEV,t,t,f,f,f,t,PAT_1624_2807_679.png,f
2811,PAT_1626,0,Ear,0,0,SEK,f,f,f,f,f,t,PAT_1626_2811_850.png,f
254,PAT_163,3,Face,6,5,ACK,t,f,f,f,f,f,PAT_163_254_719.png,t
2837,PAT_1631,0,Face,0,0,ACK,t,f,f,f,f,f,PAT_1631_2837_667.png,f
2855,PAT_1633,0,Back,0,0,ACK,t,f,f,f,f,f,PAT_1633_2855_594.png,f
2869,PAT_1636,0,Forearm,0,0,SEK,f,f,f,f,f,f,PAT_1636_2869_595.png,f
2878,PAT_1638,0,Forearm,0,0,ACK,f,f,f,f,f,f,PAT_1638_2878_536.png,f
2879,PAT_1639,0,Face,0,0,NEV,t,t,f,f,f,t,PAT_1639_2879_744.png,f
255,PAT_164,2,Thigh,10,9,SCC,t,f,f,f,f,f,PAT_164_255_119.png,t
2886,PAT_1641,0,Face,0,0,SEK,f,t,f,f,f,t,PAT_1641_2886_284.png,f
2904,PAT_1648,0,Abdomen,0,0,NEV,f,t,f,f,f,f,PAT_1648_2904_523.png,f
2913,PAT_1650,0,Forearm,0,0,ACK,t,f,f,f,f,t,PAT_1650_2913_374.png,f
2914,PAT_1651,0,Forearm,0,0,ACK,t,f,f,f,f,t,PAT_1651_2914_833.png,f
2915,PAT_1652,0,Abdomen,0,0,SEK,f,t,f,f,f,t,PAT_1652_2915_65.png,f
2916,PAT_1653,0,Face,0,0,SEK,f,f,f,f,f,f,PAT_1653_2916_346.png,f
2923,PAT_1655,0,Forearm,0,0,ACK,t,f,f,f,f,t,PAT_1655_2923_425.png,f
2932,PAT_1657,0,Face,0,0,NEV,f,t,f,f,f,t,PAT_1657_2932_680.png,f
2933,PAT_1658,0,Chest,0,0,NEV,f,t,f,f,f,t,PAT_1658_2933_322.png,f
3672,PAT_166,2,Chest,12,11,SEK,f,t,f,f,f,f,PAT_166_3672_759.png,f
2956,PAT_1661,0,Face,0,0,ACK,t,f,f,f,f,f,PAT_1661_2956_357.png,f
2978,PAT_1665,0,Chest,0,0,ACK,t,f,f,f,f,f,PAT_1665_2978_578.png,f
2985,PAT_1666,0,Forearm,0,0,ACK,t,f,f,f,f,f,PAT_1666_2985_968.png,f
258,PAT_167,1,Face,10,7,BCC,t,t,t,t,t,t,PAT_167_258_711.png,t
3007,PAT_1670,0,Forearm,0,0,ACK,t,f,f,f,f,f,PAT_1670_3007_105.png,f
3008,PAT_1671,0,Scalp,0,0,NEV,f,t,f,f,f,t,PAT_1671_3008_622.png,f
3011,PAT_1673,0,Hand,0,0,ACK,t,f,f,f,f,f,PAT_1673_3011_440.png,f
1486,PAT_168,2,Back,8,5,BCC,f,f,f,f,f,t,PAT_168_1486_97.png,t
3038,PAT_1680,0,Chest,0,0,NEV,f,t,f,f,f,t,PAT_1680_3038_587.png,f
3050,PAT_1682,0,Forearm,0,0,SEK,f,t,f,t,f,t,PAT_1682_3050_600.png,f
3066,PAT_1688,0,Face,0,0,ACK,t,f,f,f,f,f,PAT_1688_3066_491.png,f
3075,PAT_1689,0,Arm,0,0,ACK,t,f,f,f,f,t,PAT_1689_3075_38.png,f
694,PAT_169,2,Chest,6,6,ACK,t,f,f,f,f,f,PAT_169_694_411.png,f
3082,PAT_1690,0,Chest,0,0,ACK,t,f,f,f,f,f,PAT_1690_3082_117.png,f
3103,PAT_1693,0,Chest,0,0,ACK,t,f,f,f,f,f,PAT_1693_3103_879.png,f
3110,PAT_1694,0,Abdomen,0,0,NEV,f,f,f,f,f,t,PAT_1694_3110_213.png,f
3115,PAT_1696,0,Chest,0,0,SEK,f,t,f,f,f,t,PAT_1696_3115_917.png,f
3122,PAT_1698,0,Scalp,0,0,NEV,f,t,f,f,f,t,PAT_1698_3122_83.png,f
3126,PAT_1699,0,Arm,0,0,NEV,f,f,f,f,f,t,PAT_1699_3126_673.png,f
264,PAT_170,2,Face,4,3,BCC,t,t,f,f,f,t,PAT_170_264_785.png,t
3135,PAT_1701,0,Face,0,0,SEK,f,f,f,f,f,t,PAT_1701_3135_5.png,f
3548,PAT_1702,0,Back,0,0,NEV,f,f,f,f,f,t,PAT_1702_3548_386.png,f
3142,PAT_1704,0,Hand,0,0,ACK,t,f,f,f,f,f,PAT_1704_3142_702.png,f
3143,PAT_1705,0,Face,0,0,ACK,t,f,f,f,f,f,PAT_1705_3143_139.png,f
3144,PAT_1706,0,Thigh,0,0,ACK,t,f,f,f,f,f,PAT_1706_3144_891.png,f
3148,PAT_1707,0,Chest,0,0,ACK,t,f,f,f,f,f,PAT_1707_3148_835.png,f
3153,PAT_1708,0,Face,0,0,ACK,t,t,f,f,f,f,PAT_1708_3153_799.png,f
3159,PAT_1709,0,Chest,0,0,SEK,f,f,f,f,f,t,PAT_1709_3159_935.png,f
3160,PAT_1710,0,Nose,0,0,ACK,t,f,f,f,f,f,PAT_1710_3160_488.png,f
3173,PAT_1712,0,Forearm,0,0,ACK,t,f,f,f,f,t,PAT_1712_3173_684.png,f
3179,PAT_1713,0,Face,0,0,SEK,t,f,f,f,f,t,PAT_1713_3179_888.png,f
3189,PAT_1714,0,Thigh,0,0,SEK,f,t,f,f,f,t,PAT_1714_3189_989.png,f
3186,PAT_1715,0,Forearm,0,0,ACK,t,f,f,f,f,f,PAT_1715_3186_948.png,f
3202,PAT_1718,0,Thigh,0,0,NEV,f,t,f,f,f,t,PAT_1718_3202_152.png,f
3203,PAT_1719,0,Nose,0,0,SEK,t,f,f,f,f,t,PAT_1719_3203_18.png,f
267,PAT_172,2,Face,15,13,BCC,t,t,t,f,t,t,PAT_172_267_557.png,t
3208,PAT_1720,0,Face,0,0,ACK,t,f,f,f,f,f,PAT_1720_3208_130.png,f
3219,PAT_1721,0,Chest,0,0,SEK,f,f,f,f,f,t,PAT_1721_3219_737.png,f
3214,PAT_1722,0,Forearm,0,0,ACK,t,f,f,f,f,f,PAT_1722_3214_672.png,f
3218,PAT_1723,0,Face,0,0,SEK,f,f,f,f,f,t,PAT_1723_3218_111.png,f
3222,PAT_1725,0,Forearm,0,0,ACK,t,f,f,f,f,f,PAT_1725_3222_943.png,f
3228,PAT_1726,0,Forearm,0,0,ACK,t,f,f,f,f,t,PAT_1726_3228_674.png,f
3233,PAT_1727,0,Hand,0,0,ACK,t,f,f,f,f,t,PAT_1727_3233_399.png,f
3234,PAT_1728,0,Face,0,0,ACK,t,f,f,f,f,f,PAT_1728_3234_299.png,f
3235,PAT_1729,0,Ear,0,0,ACK,t,f,f,f,f,f,PAT_1729_3235_909.png,f
3236,PAT_1730,0,Arm,0,0,SEK,f,t,f,f,f,t,PAT_1730_3236_7.png,f
3237,PAT_1731,0,Chest,0,0,NEV,f,t,f,f,f,t,PAT_1731_3237_197.png,f
3239,PAT_1733,0,Neck,0,0,NEV,f,f,f,f,f,t,PAT_1733_3239_934.png,f
3240,PAT_1734,0,Forearm,0,0,SEK,t,t,f,f,f,t,PAT_1734_3240_299.png,f
3242,PAT_1735,0,Scalp,0,0,NEV,f,t,f,f,f,t,PAT_1735_3242_27.png,f
3246,PAT_1736,0,Forearm,0,0,ACK,t,f,f,f,f,t,PAT_1736_3246_166.png,f
3260,PAT_1738,0,Face,0,0,ACK,t,f,f,f,f,f,PAT_1738_3260_304.png,f
3261,PAT_1739,0,Forearm,0,0,ACK,t,f,f,f,f,f,PAT_1739_3261_325.png,f
3272,PAT_1740,0,Forearm,0,0,ACK,t,f,f,f,f,f,PAT_1740_3272_228.png,f
3273,PAT_1741,0,Hand,0,0,ACK,t,f,f,f,f,t,PAT_1741_3273_34.png,f
3284,PAT_1746,0,Forearm,0,0,ACK,t,f,f,f,f,t,PAT_1746_3284_798.png,f
3288,PAT_1749,0,Chest,0,0,ACK,t,f,f,f,f,f,PAT_1749_3288_409.png,f
3305,PAT_1753,0,Back,0,0,NEV,f,f,f,f,f,t,PAT_1753_3305_385.png,f
3308,PAT_1754,0,Back,0,0,NEV,f,t,f,t,f,f,PAT_1754_3308_390.png,f
3310,PAT_1755,0,Back,0,0,NEV,f,f,f,f,f,t,PAT_1755_3310_986.png,f
3316,PAT_1757,0,Forearm,0,0,ACK,t,t,f,f,f,t,PAT_1757_3316_304.png,f
273,PAT_176,2,Forearm,10,9,ACK,t,f,f,f,f,f,PAT_176_273_423.png,t
3326,PAT_1760,0,Forearm,0,0,ACK,t,t,f,f,f,t,PAT_1760_3326_525.png,f
3329,PAT_1761,0,Face,0,0,SEK,f,f,f,f,f,f,PAT_1761_3329_837.png,f
3332,PAT_1762,0,Neck,0,0,ACK,t,t,f,f,f,f,PAT_1762_3332_245.png,f
3335,PAT_1764,0,Chest,0,0,SEK,f,t,f,f,f,t,PAT_1764_3335_366.png,f
3337,PAT_1765,0,Face,0,0,SEK,t,f,f,f,f,t,PAT_1765_3337_365.png,f
3340,PAT_1767,0,Face,0,0,ACK,t,f,f,f,f,t,PAT_1767_3340_959.png,f
3342,PAT_1769,0,Forearm,0,0,ACK,t,f,f,f,f,t,PAT_1769_3342_63.png,f
275,PAT_177,1,Back,13,10,BCC,t,f,f,f,f,t,PAT_177_275_905.png,t
3344,PAT_1770,0,Face,0,0,NEV,f,t,f,f,f,f,PAT_1770_3344_274.png,f
3346,PAT_1772,0,Face,0,0,NEV,f,f,f,f,f,t,PAT_1772_3346_66.png,f
3352,PAT_1774,0,Face,0,0,ACK,t,f,f,f,f,t,PAT_1774_3352_474.png,f
3370,PAT_1777,0,Back,0,0,ACK,t,f,f,f,f,f,PAT_1777_3370_697.png,f
3380,PAT_1780,0,Abdomen,0,0,SEK,f,f,f,f,f,t,PAT_1780_3380_542.png,f
3414,PAT_1783,0,Scalp,0,0,SEK,f,f,f,f,f,t,PAT_1783_3414_120.png,f
3416,PAT_1784,0,Face,0,0,NEV,f,t,f,f,f,t,PAT_1784_3416_507.png,f
3420,PAT_1786,0,Hand,0,0,ACK,t,f,f,f,f,f,PAT_1786_3420_346.png,f
3421,PAT_1787,0,Back,0,0,NEV,t,t,f,t,f,f,PAT_1787_3421_516.png,f
278,PAT_179,2,Forearm,14,10,BCC,t,t,f,f,t,t,PAT_179_278_331.png,t
3425,PAT_1790,0,Face,0,0,SEK,t,f,f,f,f,t,PAT_1790_3425_942.png,f
3435,PAT_1794,0,Face,0,0,ACK,f,f,f,f,f,f,PAT_1794_3435_711.png,f
3455,PAT_1798,0,Scalp,0,0,SEK,f,t,f,f,f,t,PAT_1798_3455_379.png,f
3457,PAT_1799,0,Face,0,0,ACK,t,f,f,f,f,f,PAT_1799_3457_209.png,f
279,PAT_180,3,Forearm,15,13,BCC,t,t,f,f,t,t,PAT_180_279_377.png,t
3460,PAT_1800,0,Ear,0,0,SEK,t,t,f,f,f,t,PAT_1800_3460_206.png,f
3459,PAT_1801,0,Back,0,0,NEV,f,t,f,f,f,t,PAT_1801_3459_857.png,f
3463,PAT_1803,0,Back,0,0,NEV,f,t,f,f,f,t,PAT_1803_3463_639.png,f
3469,PAT_1804,0,Hand,0,0,ACK,t,f,f,f,f,f,PAT_1804_3469_628.png,f
3477,PAT_1805,0,Forearm,0,0,ACK,t,f,f,f,f,t,PAT_1805_3477_772.png,f
3481,PAT_1807,0,Forearm,0,0,ACK,t,f,f,f,f,f,PAT_1807_3481_801.png,f
833,PAT_181,4,Forearm,11,10,ACK,t,f,f,f,f,f,PAT_181_833_109.png,f
3484,PAT_1810,0,Face,0,0,NEV,f,t,f,f,f,t,PAT_1810_3484_347.png,f
3487,PAT_1811,0,Face,0,0,ACK,t,f,f,f,f,f,PAT_1811_3487_560.png,f
3492,PAT_1812,0,Forearm,0,0,ACK,t,f,f,f,f,f,PAT_1812_3492_670.png,f
3562,PAT_1813,0,Arm,0,0,SEK,f,t,f,f,f,t,PAT_1813_3562_195.png,f
3564,PAT_1814,0,Forearm,0,0,ACK,t,f,f,f,f,f,PAT_1814_3564_609.png,f
3568,PAT_1818,0,Arm,0,0,ACK,f,f,f,f,f,f,PAT_1818_3568_132.png,f
3569,PAT_1819,0,Hand,0,0,ACK,f,t,f,f,f,f,PAT_1819_3569_217.png,f
3575,PAT_1821,0,Thigh,0,0,ACK,t,f,f,f,f,f,PAT_1821_3575_920.png,f
3576,PAT_1822,0,Forearm,0,0,ACK,f,t,f,f,f,t,PAT_1822_3576_145.png,f
3580,PAT_1826,0,Forearm,0,0,SEK,f,f,f,f,f,f,PAT_1826_3580_871.png,f
283,PAT_183,3,Chest,9,7,SCC,t,f,f,f,f,f,PAT_183_283_495.png,t
3597,PAT_1832,0,Back,0,0,SEK,f,f,f,f,f,f,PAT_1832_3597_594.png,f
3599,PAT_1833,0,Hand,0,0,ACK,f,f,f,f,f,t,PAT_1833_3599_827.png,f
3608,PAT_1837,0,Back,0,0,NEV,f,f,f,f,f,f,PAT_1837_3608_851.png,f
3609,PAT_1838,0,Thigh,0,0,SEK,f,f,f,f,f,f,PAT_1838_3609_254.png,f
284,PAT_184,3,Arm,5,3,ACK,f,t,f,f,f,t,PAT_184_284_721.png,t
3612,PAT_1840,0,Face,0,0,ACK,f,f,f,f,f,f,PAT_1840_3612_959.png,f
3615,PAT_1842,0,Forearm,0,0,NEV,f,f,f,f,f,f,PAT_1842_3615_850.png,f
3618,PAT_1844,0,Face,0,0,SEK,f,f,f,f,f,t,PAT_1844_3618_373.png,f
3622,PAT_1846,0,Ear,0,0,NEV,f,f,f,f,f,t,PAT_1846_3622_35.png,f
3629,PAT_1849,0,Hand,0,0,ACK,t,f,f,f,f,f,PAT_1849_3629_214.png,f
285,PAT_185,2,Arm,11,9,BCC,t,t,t,f,t,t,PAT_185_285_862.png,t
3631,PAT_1850,0,Chest,0,0,ACK,f,f,f,f,f,f,PAT_1850_3631_519.png,f
3637,PAT_1854,0,Forearm,0,0,ACK,f,f,f,f,f,t,PAT_1854_3637_323.png,f
3641,PAT_1855,0,Forearm,0,0,ACK,t,f,f,f,f,f,PAT_1855_3641_327.png,f
286,PAT_186,2,Forearm,7,5,ACK,f,f,f,f,f,t,PAT_186_286_109.png,t
3648,PAT_1861,0,Face,0,0,SEK,t,t,f,f,f,f,PAT_1861_3648_959.png,f
3660,PAT_1866,0,Face,0,0,ACK,t,f,t,f,f,f,PAT_1866_3660_115.png,f
3663,PAT_1869,0,Forearm,0,0,ACK,t,f,t,f,t,f,PAT_1869_3663_335.png,f
3666,PAT_1871,0,Abdomen,0,0,SEK,t,f,f,f,f,t,PAT_1871_3666_675.png,f
3687,PAT_1874,0,Back,0,0,SEK,f,f,f,f,f,f,PAT_1874_3687_799.png,f
3689,PAT_1875,0,Forearm,0,0,ACK,t,f,f,f,f,t,PAT_1875_3689_646.png,f
289,PAT_188,4,Chest,12,10,BCC,t,t,t,f,f,t,PAT_188_289_908.png,t
3711,PAT_1881,0,Hand,0,0,ACK,f,f,f,f,f,f,PAT_1881_3711_217.png,f
3718,PAT_1882,0,Chest,0,0,SEK,f,t,f,f,f,t,PAT_1882_3718_982.png,f
3730,PAT_1884,0,Nose,0,0,ACK,t,f,f,f,f,f,PAT_1884_3730_813.png,f
3760,PAT_1892,0,Face,0,0,ACK,f,f,f,t,f,f,PAT_1892_3760_713.png,f
3761,PAT_1893,0,Hand,0,0,ACK,f,f,f,f,f,t,PAT_1893_3761_666.png,f
3779,PAT_1899,0,Forearm,0,0,ACK,f,f,f,f,f,f,PAT_1899_3779_475.png,f
291,PAT_190,2,Forearm,15,9,BCC,t,t,t,f,t,f,PAT_190_291_366.png,t
3790,PAT_1902,0,Forearm,0,0,SEK,t,f,f,f,f,f,PAT_1902_3790_168.png,f
3791,PAT_1903,0,Face,0,0,NEV,f,t,f,f,f,t,PAT_1903_3791_14.png,f
3794,PAT_1904,0,Chest,0,0,NEV,f,t,f,f,f,t,PAT_1904_3794_215.png,f
3798,PAT_1906,0,Arm,0,0,ACK,t,f,f,f,f,t,PAT_1906_3798_588.png,f
3801,PAT_1907,0,Back,0,0,NEV,f,f,f,f,f,f,PAT_1907_3801_88.png,f
294,PAT_191,2,Nose,13,3,BCC,t,t,t,f,t,t,PAT_191_294_629.png,t
3816,PAT_1913,0,Face,0,0,ACK,f,f,f,f,f,f,PAT_1913_3816_335.png,f
3822,PAT_1914,0,Arm,0,0,SEK,f,f,f,f,t,t,PAT_1914_3822_863.png,f
3836,PAT_1918,0,Arm,0,0,ACK,t,f,f,f,f,f,PAT_1918_3836_82.png,f
295,PAT_192,2,Face,15,7,BCC,f,t,f,t,f,t,PAT_192_295_164.png,t
3848,PAT_1922,0,Back,0,0,SEK,f,f,f,f,f,t,PAT_1922_3848_451.png,f
3871,PAT_1926,0,Ear,0,0,SEK,t,f,t,t,f,t,PAT_1926_3871_371.png,f
3876,PAT_1928,0,Forearm,0,0,NEV,f,t,f,t,f,t,PAT_1928_3876_437.png,f
3879,PAT_1931,0,Face,0,0,ACK,f,f,f,f,f,f,PAT_1931_3879_727.png,f
3883,PAT_1933,0,Forearm,0,0,SEK,t,f,f,f,f,t,PAT_1933_3883_413.png,f
3890,PAT_1934,0,Forearm,0,0,NEV,t,t,f,f,f,t,PAT_1934_3890_306.png,f
3897,PAT_1937,0,Forearm,0,0,ACK,f,f,f,f,f,f,PAT_1937_3897_131.png,f
298,PAT_194,4,Neck,6,4,SEK,f,t,f,t,f,f,PAT_194_298_945.png,t
3902,PAT_1940,0,Chest,0,0,NEV,f,t,f,f,f,t,PAT_1940_3902_876.png,f
3915,PAT_1942,0,Face,0,0,SEK,f,t,f,f,f,t,PAT_1942_3915_388.png,f
3921,PAT_1944,0,Face,0,0,SEK,f,t,f,f,f,t,PAT_1944_3921_281.png,f
3923,PAT_1945,0,Chest,0,0,NEV,f,t,f,f,f,t,PAT_1945_3923_428.png,f
3924,PAT_1946,0,Arm,0,0,SEK,t,t,f,f,f,t,PAT_1946_3924_24.png,f
3926,PAT_1947,0,Forearm,0,0,NEV,f,t,f,f,f,t,PAT_1947_3926_165.png,f
3932,PAT_1950,0,Face,0,0,ACK,t,t,f,f,t,t,PAT_1950_3932_655.png,f
3934,PAT_1951,0,Arm,0,0,ACK,t,t,f,t,t,f,PAT_1951_3934_98.png,f
3947,PAT_1955,0,Face,0,0,ACK,t,t,f,t,f,f,PAT_1955_3947_778.png,f
3949,PAT_1956,0,Face,0,0,SEK,f,f,f,f,f,f,PAT_1956_3949_217.png,f
3957,PAT_1960,0,Back,0,0,NEV,t,t,t,t,f,t,PAT_1960_3957_864.png,f
3976,PAT_1967,0,Forearm,0,0,ACK,t,f,f,f,t,f,PAT_1967_3976_736.png,f
3980,PAT_1969,0,Ear,0,0,ACK,t,f,f,f,f,f,PAT_1969_3980_995.png,f
301,PAT_197,4,Nose,4,4,BCC,t,t,f,f,t,t,PAT_197_301_449.png,t
3984,PAT_1971,0,Chest,0,0,SEK,f,t,f,f,f,t,PAT_1971_3984_534.png,f
3999,PAT_1975,0,Thigh,0,0,SEK,f,t,f,f,f,f,PAT_1975_3999_453.png,f
4000,PAT_1976,0,Forearm,0,0,ACK,t,f,f,f,t,f,PAT_1976_4000_701.png,f
4004,PAT_1978,0,Back,0,0,SEK,t,t,f,t,t,t,PAT_1978_4004_82.png,f
302,PAT_198,2,Chest,7,7,BCC,t,t,f,f,f,f,PAT_198_302_44.png,t
4018,PAT_1980,0,Forearm,0,0,ACK,t,t,f,f,f,f,PAT_1980_4018_929.png,f
4023,PAT_1981,0,Chest,0,0,ACK,t,f,f,f,f,t,PAT_1981_4023_673.png,f
4032,PAT_1983,0,Arm,0,0,ACK,t,f,f,f,f,f,PAT_1983_4032_502.png,f
4038,PAT_1984,0,Face,0,0,NEV,f,t,f,f,f,t,PAT_1984_4038_265.png,f
4052,PAT_1988,0,Nose,0,0,SEK,f,t,f,f,f,t,PAT_1988_4052_897.png,f
4061,PAT_1989,0,Hand,0,0,ACK,t,f,f,f,f,f,PAT_1989_4061_934.png,f
4076,PAT_1993,0,Face,0,0,ACK,f,t,t,f,f,f,PAT_1993_4076_174.png,f
4080,PAT_1995,0,Forearm,0,0,ACK,t,f,f,t,f,f,PAT_1995_4080_695.png,f
4095,PAT_1998,0,Arm,0,0,ACK,t,f,f,f,f,f,PAT_1998_4095_438.png,f
304,PAT_200,3,Ear,10,6,BCC,t,t,t,f,t,f,PAT_200_304_139.png,t
4107,PAT_2003,0,Chest,0,0,ACK,f,t,f,f,f,f,PAT_2003_4107_766.png,f
4123,PAT_2006,0,Back,0,0,NEV,f,t,f,f,f,t,PAT_2006_4123_719.png,f
4126,PAT_2008,0,Forearm,0,0,ACK,t,f,f,f,f,f,PAT_2008_4126_489.png,f
4134,PAT_2009,0,Neck,0,0,ACK,t,f,f,f,f,f,PAT_2009_4134_828.png,f
946,PAT_201,3,Forearm,12,10,ACK,t,t,f,f,f,f,PAT_201_946_262.png,f
4136,PAT_2010,0,Forearm,0,0,ACK,f,f,f,f,f,t,PAT_2010_4136_318.png,f
4140,PAT_2011,0,Forearm,0,0,ACK,t,f,f,f,f,t,PAT_2011_4140_988.png,f
4148,PAT_2013,0,Abdomen,0,0,NEV,f,f,f,f,f,f,PAT_2013_4148_303.png,f
4160,PAT_2016,0,Ear,0,0,SEK,t,f,f,f,f,t,PAT_2016_4160_868.png,f
4164,PAT_2017,0,Chest,0,0,NEV,f,t,f,f,f,t,PAT_2017_4164_500.png,f
4167,PAT_2018,0,Face,0,0,ACK,f,f,f,f,f,t,PAT_2018_4167_11.png,f
307,PAT_202,3,Nose,4,3,BCC,t,t,f,f,t,t,PAT_202_307_424.png,t
4174,PAT_2020,0,Hand,0,0,ACK,f,f,f,f,f,f,PAT_2020_4174_799.png,f
4180,PAT_2021,0,Face,0,0,ACK,t,t,f,f,f,f,PAT_2021_4180_381.png,f
4184,PAT_2022,0,Hand,0,0,ACK,f,t,f,t,f,t,PAT_2022_4184_111.png,f
330,PAT_215,1,Face,12,10,SCC,t,t,f,t,t,t,PAT_215_330_341.png,t
4224,PAT_2024,0,Hand,0,0,ACK,t,f,f,f,f,f,PAT_2024_4224_141.png,f
4229,PAT_2025,0,Back,0,0,ACK,t,t,f,f,f,f,PAT_2025_4229_541.png,f
4230,PAT_2026,0,Face,0,0,ACK,f,f,f,f,f,f,PAT_2026_4230_141.png,f
4246,PAT_2030,0,Forearm,0,0,NEV,f,f,f,f,f,t,PAT_2030_4246_973.png,f
4268,PAT_2034,0,Forearm,0,0,ACK,t,f,f,f,f,f,PAT_2034_4268_141.png,f
4280,PAT_2036,0,Ear,0,0,ACK,t,f,f,f,f,f,PAT_2036_4280_90.png,f
4290,PAT_2039,0,Forearm,0,0,ACK,t,t,f,f,f,t,PAT_2039_4290_273.png,f
4298,PAT_2041,0,Forearm,0,0,ACK,t,f,f,f,f,f,PAT_2041_4298_408.png,f
4301,PAT_2042,0,Chest,0,0,NEV,t,t,f,f,f,t,PAT_2042_4301_636.png,f
4308,PAT_2043,0,Forearm,0,0,ACK,f,f,f,f,f,f,PAT_2043_4308_681.png,f
4323,PAT_2046,0,Face,0,0,SEK,f,t,f,f,f,t,PAT_2046_4323_394.png,f
4333,PAT_2048,0,Neck,0,0,SEK,t,f,f,f,f,t,PAT_2048_4333_63.png,f
4348,PAT_2049,0,Arm,0,0,SEK,f,f,f,f,f,t,PAT_2049_4348_485.png,f
4350,PAT_2050,0,Forearm,0,0,ACK,f,f,f,f,f,f,PAT_2050_4350_36.png,f
4356,PAT_2051,0,Forearm,0,0,ACK,t,f,f,f,f,f,PAT_2051_4356_460.png,f
4360,PAT_2053,0,Face,0,0,SEK,f,f,f,f,f,t,PAT_2053_4360_281.png,f
4364,PAT_2056,0,Face,0,0,SEK,t,t,f,f,f,t,PAT_2056_4364_112.png,f
312,PAT_206,2,Chest,13,11,BCC,t,f,t,f,t,f,PAT_206_312_760.png,t
4395,PAT_2061,0,Face,0,0,ACK,t,t,f,t,f,f,PAT_2061_4395_587.png,f
4397,PAT_2062,0,Hand,0,0,NEV,f,t,f,t,f,f,PAT_2062_4397_39.png,f
4413,PAT_2065,0,Back,0,0,SEK,f,t,f,f,f,t,PAT_2065_4413_298.png,f
4417,PAT_2066,0,Face,0,0,SEK,f,t,f,f,f,t,PAT_2066_4417_201.png,f
4424,PAT_2068,0,Arm,0,0,ACK,t,f,f,f,f,f,PAT_2068_4424_995.png,f
3951,PAT_207,3,Chest,15,12,ACK,f,f,f,f,f,f,PAT_207_3951_140.png,f
4430,PAT_2070,0,Arm,0,0,ACK,f,f,f,f,f,f,PAT_2070_4430_290.png,f
4433,PAT_2071,0,Face,0,0,ACK,f,t,f,f,f,t,PAT_2071_4433_848.png,f
4459,PAT_2076,0,Face,0,0,ACK,f,f,f,f,f,f,PAT_2076_4459_450.png,f
4463,PAT_2077,0,Hand,0,0,ACK,f,f,f,f,t,t,PAT_2077_4463_77.png,f
4480,PAT_2079,0,Thigh,0,0,ACK,t,t,f,f,f,t,PAT_2079_4480_586.png,f
314,PAT_208,2,Face,7,7,BCC,t,t,f,f,t,t,PAT_208_314_741.png,t
4484,PAT_2080,0,Neck,0,0,NEV,f,t,f,f,f,f,PAT_2080_4484_997.png,f
4488,PAT_2081,0,Forearm,0,0,ACK,f,f,f,f,f,f,PAT_2081_4488_57.png,f
4491,PAT_2082,0,Face,0,0,ACK,t,f,f,f,f,f,PAT_2082_4491_519.png,f
4506,PAT_2085,0,Face,0,0,SEK,f,t,f,f,f,f,PAT_2085_4506_726.png,f
4524,PAT_2088,0,Chest,0,0,NEV,f,f,f,f,f,f,PAT_2088_4524_465.png,f
4529,PAT_2089,0,Face,0,0,ACK,f,t,f,f,f,f,PAT_2089_4529_762.png,f
4532,PAT_2090,0,Lip,0,0,ACK,f,t,f,f,f,f,PAT_2090_4532_178.png,f
4537,PAT_2092,0,Chest,0,0,SEK,f,t,f,f,f,t,PAT_2092_4537_438.png,f
4542,PAT_2093,0,Forearm,0,0,ACK,f,f,f,f,f,f,PAT_2093_4542_192.png,f
4557,PAT_2097,0,Ear,0,0,NEV,f,t,f,f,f,t,PAT_2097_4557_241.png,f
4559,PAT_2098,0,Chest,0,0,ACK,t,f,f,f,f,f,PAT_2098_4559_436.png,f
4562,PAT_2099,0,Face,0,0,NEV,f,f,f,f,f,t,PAT_2099_4562_100.png,f
316,PAT_210,3,Lip,10,5,ACK,t,t,t,f,t,t,PAT_210_316_401.png,t
4575,PAT_2102,0,Face,0,0,ACK,f,f,f,f,f,f,PAT_2102_4575_616.png,f
4581,PAT_2103,0,Thigh,0,0,NEV,t,t,f,t,f,t,PAT_2103_4581_72.png,f
4587,PAT_2105,0,Forearm,0,0,ACK,f,f,f,f,f,f,PAT_2105_4587_204.png,f
4590,PAT_2106,0,Forearm,0,0,ACK,f,f,f,f,f,f,PAT_2106_4590_227.png,f
4595,PAT_2107,0,Forearm,0,0,ACK,t,t,f,f,f,f,PAT_2107_4595_381.png,f
4596,PAT_2108,0,Forearm,0,0,SEK,t,f,f,f,f,f,PAT_2108_4596_837.png,f
4598,PAT_2109,0,Face,0,0,SEK,t,t,f,t,f,t,PAT_2109_4598_112.png,f
319,PAT_211,3,Chest,20,18,BCC,t,t,f,f,t,t,PAT_211_319_777.png,t
4607,PAT_2113,0,Back,0,0,SEK,f,f,f,f,f,f,PAT_2113_4607_329.png,f
4609,PAT_2114,0,Nose,0,0,ACK,t,f,f,f,f,t,PAT_2114_4609_615.png,f
4613,PAT_2115,0,Hand,0,0,ACK,f,f,f,f,f,t,PAT_2115_4613_260.png,f
4614,PAT_2116,0,Forearm,0,0,ACK,t,f,f,f,f,t,PAT_2116_4614_671.png,f
4625,PAT_2119,0,Chest,0,0,ACK,t,f,f,f,f,f,PAT_2119_4625_733.png,f
327,PAT_212,2,Face,12,9,BCC,t,t,f,f,f,t,PAT_212_327_532.png,t
4642,PAT_2122,0,Arm,0,0,ACK,f,f,f,f,f,f,PAT_2122_4642_680.png,f
4647,PAT_2123,0,Forearm,0,0,ACK,f,f,f,f,f,f,PAT_2123_4647_95.png,f
4650,PAT_2124,0,Face,0,0,ACK,t,t,f,t,f,f,PAT_2124_4650_575.png,f
4653,PAT_2125,0,Forearm,0,0,NEV,f,t,f,t,f,f,PAT_2125_4653_497.png,f
4654,PAT_2126,0,Arm,0,0,ACK,t,t,f,f,f,f,PAT_2126_4654_644.png,f
4662,PAT_2127,0,Back,0,0,NEV,f,f,t,f,f,t,PAT_2127_4662_596.png,f
4676,PAT_2128,0,Thigh,0,0,ACK,f,f,f,f,f,t,PAT_2128_4676_965.png,f
4680,PAT_2129,0,Abdomen,0,0,NEV,f,t,f,f,f,f,PAT_2129_4680_110.png,f
328,PAT_213,3,Face,3,3,NEV,f,t,f,f,f,f,PAT_213_328_117.png,t
4683,PAT_2131,0,Forearm,0,0,ACK,f,t,f,t,f,t,PAT_2131_4683_112.png,f
329,PAT_214,2,Forearm,15,10,BCC,t,f,t,f,t,t,PAT_214_329_70.png,t
4726,PAT_2140,0,Neck,0,0,ACK,t,f,f,f,f,t,PAT_2140_4726_141.png,f
4733,PAT_2142,0,Back,0,0,NEV,f,f,f,f,f,f,PAT_2142_4733_13.png,f
4736,PAT_2143,0,Forearm,0,0,ACK,f,f,f,f,f,t,PAT_2143_4736_227.png,f
4738,PAT_2144,0,Back,0,0,NEV,f,f,f,f,f,t,PAT_2144_4738_120.png,f
4766,PAT_2150,0,Hand,0,0,ACK,f,f,f,f,f,f,PAT_2150_4766_754.png,f
4779,PAT_2151,0,Face,0,0,SEK,t,t,f,f,f,f,PAT_2151_4779_515.png,f
4781,PAT_2152,0,Face,0,0,SEK,t,t,f,f,f,f,PAT_2152_4781_332.png,f
4782,PAT_2153,0,Face,0,0,ACK,t,t,f,f,f,f,PAT_2153_4782_321.png,f
4783,PAT_2154,0,Face,0,0,ACK,t,t,f,f,f,f,PAT_2154_4783_625.png,f
4784,PAT_2155,0,Back,0,0,SEK,f,t,f,f,f,f,PAT_2155_4784_483.png,f
4789,PAT_2157,0,Forearm,0,0,ACK,f,f,f,f,f,f,PAT_2157_4789_969.png,f
4792,PAT_2159,0,Scalp,0,0,NEV,f,t,f,f,f,f,PAT_2159_4792_718.png,f
331,PAT_216,3,Forearm,10,6,SCC,f,f,f,f,f,f,PAT_216_331_678.png,t
4814,PAT_2160,0,Chest,0,0,ACK,f,f,f,f,f,f,PAT_2160_4814_243.png,f
4818,PAT_2161,0,Back,0,0,NEV,f,t,f,f,f,t,PAT_2161_4818_501.png,f
4820,PAT_2162,0,Back,0,0,NEV,f,f,f,f,f,t,PAT_2162_4820_913.png,f
339,PAT_221,3,Face,9,6,BCC,t,t,f,f,f,t,PAT_221_339_566.png,t
341,PAT_223,3,Nose,4,3,BCC,t,t,f,f,t,t,PAT_223_341_187.png,t
1340,PAT_224,2,Ear,30,20,ACK,t,t,t,f,t,f,PAT_224_1340_551.png,t
345,PAT_225,4,Chest,10,8,ACK,t,f,f,f,f,f,PAT_225_345_903.png,t
347,PAT_227,2,Face,8,5,SCC,t,f,t,f,t,t,PAT_227_347_19.png,t
348,PAT_228,3,Chest,4,3,BCC,t,t,f,f,t,t,PAT_228_348_535.png,t
349,PAT_229,3,Nose,10,8,BCC,t,f,f,f,t,t,PAT_229_349_256.png,t
351,PAT_230,2,Forearm,9,6,ACK,t,f,f,f,f,f,PAT_230_351_720.png,t
354,PAT_233,2,Arm,9,4,MEL,f,t,f,t,f,t,PAT_233_354_935.png,t
361,PAT_236,3,Chest,6,5,ACK,t,f,f,f,f,t,PAT_236_361_180.png,t
362,PAT_237,2,Ear,6,6,BCC,t,f,t,f,t,f,PAT_237_362_909.png,t
364,PAT_238,2,Foot,16,14,ACK,t,f,f,f,f,f,PAT_238_364_387.png,t
367,PAT_241,2,Chest,32,13,BCC,t,t,t,f,t,t,PAT_241_367_89.png,t
372,PAT_243,3,Chest,9,6,BCC,t,f,t,f,t,t,PAT_243_372_119.png,t
374,PAT_244,4,Chest,6,5,NEV,f,t,f,t,f,t,PAT_244_374_726.png,t
376,PAT_245,3,Back,30,20,BCC,t,t,f,f,t,f,PAT_245_376_24.png,t
377,PAT_246,2,Arm,11,10,ACK,f,f,f,f,f,f,PAT_246_377_159.png,t
379,PAT_248,2,Forearm,9,2,BCC,t,t,f,f,f,t,PAT_248_379_695.png,t
380,PAT_249,3,Forearm,6,4,ACK,f,f,f,f,f,f,PAT_249_380_366.png,t
382,PAT_251,2,Face,10,8,BCC,t,t,t,f,t,t,PAT_251_382_164.png,t
383,PAT_252,2,Forearm,15,13,BCC,f,t,f,f,t,t,PAT_252_383_31.png,t
384,PAT_253,2,Face,10,10,BCC,t,t,f,f,t,t,PAT_253_384_607.png,t
388,PAT_255,2,Forearm,11,8,BCC,t,t,f,f,t,t,PAT_255_388_77.png,t
295,PAT_256,1,Back,7,4,SEK,f,t,f,f,f,t,PAT_256_295_583.png,f
397,PAT_258,2,Chest,1,1,BCC,t,f,t,f,t,t,PAT_258_397_198.png,t
399,PAT_259,1,Nose,5,3,SCC,t,t,f,f,f,t,PAT_259_399_801.png,t
1289,PAT_260,1,Face,10,10,ACK,t,f,f,f,f,f,PAT_260_1289_396.png,f
402,PAT_262,2,Arm,22,15,MEL,t,t,f,t,f,f,PAT_262_402_14.png,t
404,PAT_263,1,Forearm,8,8,ACK,t,f,f,f,f,t,PAT_263_404_410.png,t
406,PAT_265,2,Back,11,9,BCC,t,f,f,f,f,t,PAT_265_406_276.png,t
412,PAT_267,2,Face,17,12,BCC,t,t,f,f,f,t,PAT_267_412_275.png,t
415,PAT_269,2,Chest,20,18,BCC,t,t,t,f,t,t,PAT_269_415_103.png,t
1386,PAT_270,1,Face,13,7,ACK,t,t,f,f,f,f,PAT_270_1386_755.png,f
418,PAT_271,2,Chest,12,10,SCC,t,f,t,f,f,t,PAT_271_418_92.png,t
419,PAT_272,2,Face,15,12,BCC,f,f,f,f,f,t,PAT_272_419_906.png,t
423,PAT_274,3,Nose,6,4,BCC,t,t,t,f,f,t,PAT_274_423_374.png,t
424,PAT_275,2,Face,20,16,BCC,t,f,f,f,t,t,PAT_275_424_966.png,t
425,PAT_276,2,Arm,5,3,ACK,f,f,f,f,f,t,PAT_276_425_539.png,t
426,PAT_277,2,Face,7,6,SCC,t,t,t,f,t,t,PAT_277_426_825.png,t
429,PAT_279,2,Chest,23,13,BCC,t,f,t,f,t,t,PAT_279_429_142.png,t
431,PAT_280,2,Face,8,7,BCC,t,t,f,f,t,t,PAT_280_431_466.png,t
1516,PAT_281,3,Hand,2,2,ACK,t,f,f,f,f,f,PAT_281_1516_753.png,f
433,PAT_282,2,Neck,6,5,BCC,t,t,t,f,t,t,PAT_282_433_934.png,t
1458,PAT_286,2,Arm,5,5,ACK,t,f,f,f,f,f,PAT_286_1458_381.png,f
440,PAT_287,2,Forearm,10,9,ACK,f,t,f,f,f,t,PAT_287_440_729.png,t
441,PAT_288,1,Face,9,7,BCC,t,t,f,t,t,t,PAT_288_441_312.png,t
1399,PAT_289,2,Forearm,6,4,ACK,t,f,f,f,f,f,PAT_289_1399_481.png,f
445,PAT_290,2,Arm,15,12,BCC,t,t,t,f,t,t,PAT_290_445_988.png,t
446,PAT_291,4,Nose,10,10,BCC,t,f,t,f,t,f,PAT_291_446_704.png,t
638,PAT_294,4,Face,12,11,BCC,t,t,f,f,t,t,PAT_294_638_564.png,t
639,PAT_295,2,Chest,7,6,BCC,t,t,t,f,f,t,PAT_295_639_240.png,t
640,PAT_296,2,Face,9,8,SCC,t,t,t,f,f,t,PAT_296_640_206.png,t
4307,PAT_297,3,Chest,5,4,NEV,f,f,f,f,f,t,PAT_297_4307_924.png,f
648,PAT_300,2,Thigh,5,4,ACK,f,f,f,f,f,t,PAT_300_648_84.png,t
651,PAT_302,2,Face,10,10,BCC,t,t,t,f,t,t,PAT_302_651_529.png,t
652,PAT_303,2,Forearm,26,18,BCC,t,f,t,f,t,t,PAT_303_652_342.png,t
4186,PAT_304,2,Scalp,8,8,ACK,f,f,f,f,f,f,PAT_304_4186_458.png,f
655,PAT_305,2,Face,5,4,BCC,t,f,t,f,f,t,PAT_305_655_30.png,t
1646,PAT_306,2,Forearm,10,10,ACK,t,f,f,f,t,t,PAT_306_1646_903.png,f
659,PAT_307,2,Lip,10,3,SCC,t,f,t,f,f,t,PAT_307_659_85.png,t
663,PAT_309,2,Nose,8,7,ACK,t,f,t,f,t,t,PAT_309_663_812.png,t
666,PAT_311,2,Chest,8,6,SCC,t,f,f,f,f,t,PAT_311_666_191.png,t
669,PAT_313,2,Face,10,9,BCC,t,t,t,f,f,t,PAT_313_669_908.png,t
672,PAT_314,2,Chest,5,3,BCC,t,f,f,f,f,t,PAT_314_672_909.png,t
673,PAT_315,3,Chest,6,3,BCC,t,f,f,f,t,t,PAT_315_673_227.png,t
674,PAT_316,3,Nose,9,8,BCC,t,t,t,f,f,t,PAT_316_674_924.png,t
675,PAT_317,3,Nose,7,5,ACK,f,f,f,f,f,f,PAT_317_675_144.png,t
677,PAT_318,2,Nose,5,4,BCC,t,f,f,f,t,f,PAT_318_677_278.png,t
680,PAT_319,2,Chest,11,6,SCC,t,t,f,f,t,t,PAT_319_680_832.png,t
681,PAT_320,3,Face,9,9,MEL,f,t,f,t,f,f,PAT_320_681_724.png,t
682,PAT_321,2,Face,7,7,SCC,t,f,t,f,f,t,PAT_321_682_236.png,t
689,PAT_325,3,Back,11,7,SCC,t,f,f,f,f,t,PAT_325_689_528.png,t
690,PAT_326,3,Face,5,4,BCC,t,f,f,f,f,t,PAT_326_690_797.png,t
1738,PAT_328,4,Forearm,10,7,ACK,t,f,f,f,f,f,PAT_328_1738_890.png,f
698,PAT_330,2,Chest,15,14,BCC,t,f,t,f,f,t,PAT_330_698_211.png,t
1469,PAT_333,3,Back,6,4,NEV,f,t,f,t,f,f,PAT_333_1469_499.png,t
703,PAT_334,2,Back,6,4,BCC,t,t,t,f,f,t,PAT_334_703_907.png,t
705,PAT_336,3,Chest,6,5,BCC,t,f,f,f,f,t,PAT_336_705_711.png,t
706,PAT_337,2,Chest,35,27,BCC,t,f,t,f,f,t,PAT_337_706_254.png,t
710,PAT_338,1,Thigh,15,12,SCC,t,t,f,t,f,f,PAT_338_710_319.png,t
714,PAT_340,4,Back,14,12,MEL,t,t,f,t,f,t,PAT_340_714_68.png,t
715,PAT_341,4,Hand,6,5,NEV,f,f,f,f,f,f,PAT_341_715_180.png,t
720,PAT_346,3,Chest,8,8,BCC,t,f,t,f,t,t,PAT_346_720_265.png,t
728,PAT_351,3,Face,4,3,BCC,t,t,f,f,t,t,PAT_351_728_683.png,t
729,PAT_352,5,Face,10,9,NEV,f,t,f,f,f,f,PAT_352_729_947.png,t
1817,PAT_354,2,Chest,6,4,SEK,t,f,f,f,f,t,PAT_354_1817_500.png,f
732,PAT_355,2,Neck,5,5,BCC,t,t,f,f,f,t,PAT_355_732_625.png,t
736,PAT_356,2,Forearm,15,12,BCC,t,t,f,t,f,t,PAT_356_736_188.png,t
737,PAT_357,2,Face,6,5,BCC,t,t,f,f,t,t,PAT_357_737_77.png,t
738,PAT_358,2,Chest,8,6,BCC,t,f,f,f,f,t,PAT_358_738_837.png,t
4450,PAT_359,3,Forearm,10,10,ACK,f,f,f,f,f,f,PAT_359_4450_86.png,f
742,PAT_360,2,Forearm,10,8,SCC,t,t,f,f,f,t,PAT_360_742_782.png,t
1568,PAT_361,3,Face,10,9,SCC,f,f,f,f,f,f,PAT_361_1568_456.png,t
744,PAT_362,2,Face,6,3,BCC,t,f,t,f,f,t,PAT_362_744_283.png,t
749,PAT_364,2,Back,20,16,BCC,t,f,t,f,t,t,PAT_364_749_377.png,t
751,PAT_365,2,Face,11,9,SCC,t,t,f,f,f,t,PAT_365_751_709.png,t
752,PAT_366,3,Chest,14,10,BCC,t,t,t,f,t,t,PAT_366_752_782.png,t
2427,PAT_368,2,Forearm,9,6,ACK,t,f,f,f,f,f,PAT_368_2427_803.png,f
755,PAT_369,2,Ear,16,15,SCC,f,t,f,f,f,t,PAT_369_755_391.png,t
2558,PAT_370,3,Forearm,11,8,ACK,t,f,f,f,t,f,PAT_370_2558_175.png,f
760,PAT_372,2,Ear,13,10,BCC,t,t,t,f,t,t,PAT_372_760_267.png,t
761,PAT_373,4,Face,7,5,BCC,t,t,f,f,t,t,PAT_373_761_708.png,t
762,PAT_374,2,Nose,6,6,ACK,t,t,t,f,t,t,PAT_374_762_794.png,t
763,PAT_375,2,Chest,9,5,BCC,t,t,t,f,t,t,PAT_375_763_732.png,t
770,PAT_378,2,Face,7,6,BCC,t,f,t,f,t,t,PAT_378_770_302.png,t
1531,PAT_379,1,Chest,22,15,BCC,t,t,t,f,t,t,PAT_379_1531_17.png,t
54,PAT_38,1,Thigh,14,12,BCC,t,f,f,f,f,f,PAT_38_54_234.png,t
1540,PAT_380,2,Nose,3,3,SCC,t,f,f,f,f,f,PAT_380_1540_959.png,t
775,PAT_381,3,Back,18,18,BCC,t,t,t,f,t,t,PAT_381_775_566.png,t
782,PAT_384,3,Foot,11,10,ACK,f,f,f,f,f,t,PAT_384_782_292.png,t
783,PAT_385,2,Neck,13,10,BCC,t,t,f,f,t,f,PAT_385_783_574.png,t
1554,PAT_386,2,Forearm,15,10,BCC,t,t,f,t,t,f,PAT_386_1554_362.png,t
786,PAT_387,2,Back,23,20,SCC,t,t,f,f,t,f,PAT_387_786_213.png,t
1590,PAT_388,1,Back,12,8,BCC,f,f,f,f,f,f,PAT_388_1590_518.png,t
2600,PAT_389,2,Hand,6,5,ACK,t,t,f,f,f,f,PAT_389_2600_833.png,f
790,PAT_390,3,Face,4,4,SCC,t,t,f,f,f,t,PAT_390_790_505.png,t
792,PAT_392,3,Face,7,5,BCC,t,t,f,t,f,t,PAT_392_792_712.png,t
793,PAT_393,3,Neck,7,5,ACK,t,f,f,f,t,t,PAT_393_793_852.png,t
1562,PAT_394,2,Arm,8,7,BCC,t,f,f,f,f,t,PAT_394_1562_579.png,t
796,PAT_396,2,Face,7,6,BCC,f,t,f,f,f,t,PAT_396_796_394.png,t
798,PAT_397,3,Forearm,18,16,SCC,t,t,f,f,f,f,PAT_397_798_482.png,t
1026,PAT_40,1,Back,11,8,BCC,t,f,f,f,f,t,PAT_40_1026_312.png,t
4594,PAT_401,3,Forearm,5,4,ACK,t,f,t,f,f,f,PAT_401_4594_970.png,f
805,PAT_404,2,Chest,6,6,ACK,t,f,f,f,f,t,PAT_404_805_575.png,t
808,PAT_406,3,Hand,10,9,BCC,t,t,f,f,t,t,PAT_406_808_975.png,t
811,PAT_408,2,Forearm,8,7,ACK,f,f,f,f,f,t,PAT_408_811_808.png,t
812,PAT_409,3,Nose,4,3,BCC,f,t,f,f,f,t,PAT_409_812_974.png,t
815,PAT_411,2,Chest,10,8,SEK,f,t,f,f,f,f,PAT_411_815_692.png,t
818,PAT_412,2,Nose,6,4,ACK,t,f,t,t,t,f,PAT_412_818_61.png,t
819,PAT_413,2,Hand,13,10,BCC,t,f,f,f,f,t,PAT_413_819_268.png,t
822,PAT_414,4,Back,4,2,ACK,f,f,f,f,f,t,PAT_414_822_420.png,t
826,PAT_416,2,Chest,20,10,BCC,t,t,f,f,t,t,PAT_416_826_123.png,t
3537,PAT_417,3,Thigh,9,5,NEV,f,t,f,f,f,t,PAT_417_3537_45.png,f
832,PAT_419,2,Forearm,12,10,BCC,t,f,t,f,t,t,PAT_419_832_706.png,t
834,PAT_420,4,Face,8,7,ACK,t,t,f,f,t,t,PAT_420_834_948.png,t
837,PAT_422,3,Neck,20,14,BCC,t,t,t,f,t,t,PAT_422_837_683.png,t
839,PAT_423,2,Face,15,14,BCC,t,t,t,f,t,t,PAT_423_839_596.png,t
845,PAT_428,3,Face,10,9,ACK,t,f,f,f,t,f,PAT_428_845_189.png,t
848,PAT_430,2,Face,10,10,BCC,t,t,f,f,t,t,PAT_430_848_476.png,t
851,PAT_432,2,Nose,7,5,BCC,t,t,t,f,t,t,PAT_432_851_560.png,t
857,PAT_437,2,Face,10,10,ACK,f,f,f,f,f,f,PAT_437_857_425.png,t
861,PAT_441,2,Back,6,5,BCC,f,t,f,f,f,t,PAT_441_861_415.png,t
863,PAT_442,2,Face,70,60,BCC,t,t,f,f,f,t,PAT_442_863_795.png,t
871,PAT_445,2,Nose,15,7,BCC,t,t,t,f,t,t,PAT_445_871_524.png,t
873,PAT_447,2,Nose,4,3,SCC,t,f,f,f,f,t,PAT_447_873_329.png,t
878,PAT_451,2,Face,16,15,BCC,f,t,f,f,f,f,PAT_451_878_890.png,t
882,PAT_452,3,Arm,9,8,BCC,t,t,t,f,t,f,PAT_452_882_896.png,t
883,PAT_453,2,Ear,10,8,BCC,t,t,t,f,t,t,PAT_453_883_719.png,t
884,PAT_454,2,Forearm,12,10,SCC,t,t,t,f,f,t,PAT_454_884_28.png,t
887,PAT_456,2,Back,16,10,BCC,t,t,f,f,f,t,PAT_456_887_499.png,t
890,PAT_457,2,Forearm,7,4,ACK,t,f,f,f,f,f,PAT_457_890_255.png,t
891,PAT_458,1,Face,6,6,BCC,f,t,f,f,f,t,PAT_458_891_709.png,t
892,PAT_459,2,Face,12,9,BCC,t,t,t,f,t,t,PAT_459_892_804.png,t
881,PAT_46,3,Neck,6,5,BCC,t,t,f,t,t,t,PAT_46_881_939.png,t
894,PAT_460,2,Lip,18,16,BCC,t,f,t,f,t,t,PAT_460_894_242.png,t
895,PAT_461,3,Nose,10,7,BCC,t,t,f,f,t,f,PAT_461_895_72.png,t
897,PAT_463,2,Face,7,7,BCC,t,t,t,f,t,t,PAT_463_897_440.png,t
1794,PAT_464,3,Neck,25,13,BCC,f,t,t,f,f,f,PAT_464_1794_78.png,t
901,PAT_465,2,Foot,3,3,NEV,f,t,f,t,f,f,PAT_465_901_627.png,t
903,PAT_466,3,Face,5,5,BCC,t,t,f,f,t,t,PAT_466_903_893.png,t
904,PAT_467,2,Back,10,5,BCC,t,t,f,f,f,t,PAT_467_904_235.png,t
905,PAT_468,2,Chest,4,2,BCC,t,t,t,f,t,t,PAT_468_905_765.png,t
911,PAT_473,2,Chest,10,8,BCC,t,t,f,f,t,t,PAT_473_911_610.png,t
912,PAT_474,2,Ear,13,8,BCC,t,t,f,f,t,t,PAT_474_912_879.png,t
913,PAT_475,2,Nose,4,4,BCC,t,t,t,f,t,t,PAT_475_913_874.png,t
916,PAT_478,2,Back,22,20,BCC,t,t,f,f,f,f,PAT_478_916_806.png,t
919,PAT_479,2,Neck,5,5,BCC,t,f,f,f,t,t,PAT_479_919_97.png,t
74,PAT_48,3,Arm,10,7,SCC,f,t,f,f,f,t,PAT_48_74_402.png,t
921,PAT_480,2,Face,7,6,BCC,f,t,f,f,t,t,PAT_480_921_1.png,t
923,PAT_481,2,Back,7,6,BCC,t,t,f,f,t,t,PAT_481_923_186.png,t
925,PAT_483,3,Nose,12,5,BCC,t,t,t,f,t,t,PAT_483_925_716.png,t
926,PAT_484,2,Thigh,16,5,ACK,f,f,f,f,f,f,PAT_484_926_624.png,t
929,PAT_486,2,Abdomen,16,12,MEL,f,t,f,t,f,f,PAT_486_929_274.png,t
933,PAT_490,2,Ear,5,4,SCC,t,t,f,f,f,t,PAT_490_933_352.png,t
937,PAT_492,2,Chest,18,13,SCC,f,t,f,f,f,t,PAT_492_937_958.png,t
3016,PAT_493,2,Arm,7,5,ACK,t,f,f,f,f,t,PAT_493_3016_512.png,f
944,PAT_498,2,Face,4,2,ACK,f,f,f,f,f,f,PAT_498_944_488.png,t
76,PAT_50,2,Back,7,18,BCC,t,t,f,f,t,t,PAT_50_76_296.png,t
947,PAT_500,3,Ear,13,8,SCC,t,t,t,f,t,t,PAT_500_947_77.png,t
949,PAT_503,2,Face,9,7,SCC,t,f,f,f,t,t,PAT_503_949_409.png,t
951,PAT_505,2,Nose,7,6,BCC,t,f,f,f,f,t,PAT_505_951_710.png,t
954,PAT_507,1,Neck,13,6,BCC,t,t,f,f,t,t,PAT_507_954_812.png,t
78,PAT_51,3,Arm,20,10,SCC,t,t,t,f,t,f,PAT_51_78_959.png,t
959,PAT_510,3,Face,9,6,BCC,t,t,t,t,t,f,PAT_510_959_174.png,t
964,PAT_513,1,Back,12,9,BCC,t,f,t,f,t,t,PAT_513_964_343.png,t
967,PAT_514,3,Face,10,8,BCC,t,t,t,f,f,t,PAT_514_967_300.png,t
966,PAT_516,1,Nose,5,4,BCC,f,t,f,f,f,t,PAT_516_966_57.png,t
983,PAT_520,2,Back,16,14,BCC,t,f,t,f,t,t,PAT_520_983_221.png,t
984,PAT_521,2,Nose,5,5,BCC,t,t,t,f,t,t,PAT_521_984_412.png,t
986,PAT_522,2,Arm,10,8,BCC,t,t,t,f,t,t,PAT_522_986_305.png,t
988,PAT_523,2,Face,6,5,BCC,t,t,f,f,t,t,PAT_523_988_900.png,t
991,PAT_526,2,Back,7,5,BCC,t,t,t,f,t,t,PAT_526_991_109.png,t
992,PAT_528,2,Arm,10,8,ACK,f,f,f,f,f,f,PAT_528_992_124.png,t
994,PAT_529,1,Ear,5,4,BCC,t,f,t,f,t,t,PAT_529_994_419.png,t
1370,PAT_53,1,Chest,20,18,BCC,t,t,f,f,f,t,PAT_53_1370_245.png,t
1004,PAT_531,2,Face,10,7,BCC,t,f,f,f,f,t,PAT_531_1004_189.png,t
3216,PAT_532,2,Face,4,3,SEK,f,t,f,f,f,t,PAT_532_3216_633.png,f
1009,PAT_534,3,Back,7,6,BCC,t,t,t,f,t,t,PAT_534_1009_924.png,t
3227,PAT_536,2,Forearm,6,5,ACK,t,f,f,f,f,f,PAT_536_3227_442.png,f
1014,PAT_537,2,Hand,8,7,SCC,f,f,t,f,f,t,PAT_537_1014_961.png,t
1023,PAT_539,2,Face,6,5,ACK,t,t,f,f,f,t,PAT_539_1023_878.png,t
1016,PAT_540,1,Nose,7,5,BCC,t,t,t,f,t,t,PAT_540_1016_644.png,t
3303,PAT_541,1,Face,8,5,ACK,t,f,f,f,f,f,PAT_541_3303_228.png,f
3299,PAT_544,2,Face,5,4,SEK,f,t,f,f,f,t,PAT_544_3299_671.png,f
1033,PAT_547,3,Nose,5,3,BCC,t,t,f,f,f,t,PAT_547_1033_911.png,t
1043,PAT_549,2,Neck,30,24,SCC,t,t,f,f,f,t,PAT_549_1043_676.png,t
84,PAT_55,1,Arm,10,5,BCC,t,f,f,f,t,t,PAT_55_84_506.png,t
1047,PAT_551,1,Face,5,5,BCC,f,t,f,f,f,t,PAT_551_1047_567.png,t
1051,PAT_554,1,Face,6,5,BCC,t,t,t,f,t,t,PAT_554_1051_301.png,t
1072,PAT_558,3,Nose,9,12,BCC,t,t,t,f,t,t,PAT_558_1072_486.png,t
1093,PAT_559,1,Chest,35,20,BCC,t,t,t,f,t,t,PAT_559_1093_774.png,t
86,PAT_56,2,Arm,24,20,SCC,t,t,t,f,t,f,PAT_56_86_479.png,t
1069,PAT_561,2,Chest,7,6,SCC,t,t,t,f,t,t,PAT_561_1069_418.png,t
1110,PAT_562,2,Nose,0,0,BCC,f,t,f,f,f,t,PAT_562_1110_360.png,t
1070,PAT_563,2,Face,9,7,BCC,t,f,t,f,t,t,PAT_563_1070_63.png,t
1079,PAT_564,2,Arm,18,8,BCC,t,t,f,t,t,t,PAT_564_1079_430.png,t
1073,PAT_565,2,Ear,15,13,BCC,t,f,f,f,f,f,PAT_565_1073_749.png,t
179,PAT_566,3,Arm,4,3,ACK,t,f,f,f,f,f,PAT_566_179_23.png,f
90,PAT_57,2,Back,6,6,ACK,t,f,f,f,f,f,PAT_57_90_910.png,t
1085,PAT_570,2,Face,15,13,BCC,t,t,f,f,t,t,PAT_570_1085_429.png,t
1097,PAT_571,3,Face,19,10,ACK,t,f,f,f,f,f,PAT_571_1097_652.png,t
1086,PAT_572,3,Face,18,15,BCC,t,t,t,t,t,t,PAT_572_1086_130.png,t
1090,PAT_573,4,Face,9,7,BCC,t,t,t,f,f,t,PAT_573_1090_660.png,t
1087,PAT_575,1,Face,10,9,BCC,t,t,f,f,t,t,PAT_575_1087_29.png,t
1099,PAT_579,3,Forearm,10,10,ACK,t,t,f,f,f,t,PAT_579_1099_837.png,t
91,PAT_58,2,Face,9,6,BCC,f,t,f,f,f,t,PAT_58_91_143.png,t
1104,PAT_580,3,Neck,2,1,BCC,t,t,f,t,f,t,PAT_580_1104_684.png,t
1114,PAT_581,1,Hand,11,8,BCC,t,t,f,f,f,t,PAT_581_1114_116.png,t
1112,PAT_583,2,Face,5,5,BCC,t,t,f,f,f,t,PAT_583_1112_886.png,t
1130,PAT_585,3,Abdomen,5,5,ACK,t,t,f,f,t,t,PAT_585_1130_474.png,t
3431,PAT_587,3,Forearm,13,12,ACK,t,f,f,f,f,f,PAT_587_3431_6.png,f
94,PAT_59,2,Face,18,15,ACK,t,f,f,f,f,t,PAT_59_94_849.png,t
1121,PAT_590,5,Arm,19,18,SCC,t,t,t,f,f,t,PAT_590_1121_504.png,t
1142,PAT_595,2,Ear,5,3,ACK,t,f,f,f,f,f,PAT_595_1142_142.png,t
1146,PAT_596,4,Chest,1,1,BCC,t,t,f,f,f,t,PAT_596_1146_316.png,t
1137,PAT_598,2,Face,10,10,BCC,t,t,f,t,f,t,PAT_598_1137_888.png,t
1140,PAT_599,2,Arm,18,15,ACK,t,f,f,f,f,f,PAT_599_1140_399.png,t
1141,PAT_600,2,Neck,10,7,SCC,t,t,f,t,f,t,PAT_600_1141_542.png,t
1147,PAT_601,4,Chest,15,10,BCC,t,t,f,f,t,t,PAT_601_1147_943.png,t
1150,PAT_604,3,Neck,5,5,BCC,f,t,f,f,f,t,PAT_604_1150_336.png,t
1159,PAT_609,2,Neck,14,8,BCC,f,t,f,f,t,t,PAT_609_1159_932.png,t
299,PAT_61,3,Foot,5,3,NEV,f,t,f,f,f,t,PAT_61_299_74.png,f
1164,PAT_613,1,Thigh,1,1,BCC,f,t,f,f,f,t,PAT_613_1164_827.png,t
1166,PAT_614,3,Chest,18,6,MEL,f,t,f,t,f,f,PAT_614_1166_885.png,t
1174,PAT_618,1,Ear,5,3,BCC,f,t,f,f,t,t,PAT_618_1174_596.png,t
1175,PAT_619,2,Arm,17,11,BCC,f,f,f,f,f,f,PAT_619_1175_767.png,t
97,PAT_62,1,Face,7,8,BCC,t,t,f,f,t,t,PAT_62_97_868.png,t
1184,PAT_625,2,Face,5,5,SEK,t,t,f,f,t,f,PAT_625_1184_994.png,t
1188,PAT_627,2,Thigh,7,7,NEV,t,t,f,t,f,f,PAT_627_1188_755.png,t
1075,PAT_63,2,Chest,15,10,BCC,t,t,t,f,t,t,PAT_63_1075_498.png,t
1227,PAT_631,2,Face,0,0,BCC,t,t,t,f,t,t,PAT_631_1227_585.png,t
3700,PAT_632,2,Forearm,18,14,ACK,f,f,f,f,f,t,PAT_632_3700_890.png,f
1199,PAT_633,1,Abdomen,10,7,SCC,t,t,t,t,t,t,PAT_633_1199_218.png,t
1204,PAT_636,2,Chest,20,18,BCC,t,t,t,t,t,t,PAT_636_1204_521.png,t
1434,PAT_637,2,Back,7,7,SCC,f,f,f,f,f,t,PAT_637_1434_570.png,t
3680,PAT_638,2,Forearm,12,6,ACK,t,f,f,f,f,f,PAT_638_3680_891.png,f
3674,PAT_639,2,Arm,8,7,ACK,f,f,f,f,f,t,PAT_639_3674_452.png,f
1211,PAT_641,2,Back,5,3,NEV,t,f,f,f,f,t,PAT_641_1211_321.png,t
4043,PAT_645,3,Face,6,5,ACK,t,t,f,f,f,f,PAT_645_4043_374.png,f
1233,PAT_649,6,Arm,15,15,SEK,f,f,f,f,f,t,PAT_649_1233_229.png,t
101,PAT_65,2,Arm,10,10,ACK,f,f,f,f,f,f,PAT_65_101_847.png,t
1232,PAT_651,2,Forearm,8,7,ACK,f,f,f,f,f,f,PAT_651_1232_950.png,t
926,PAT_655,2,Forearm,9,7,ACK,t,f,f,f,f,f,PAT_655_926_447.png,f
1246,PAT_656,2,Back,18,12,MEL,t,t,f,t,f,f,PAT_656_1246_483.png,t
1249,PAT_660,3,Nose,11,9,BCC,t,t,f,t,f,t,PAT_660_1249_469.png,t
1251,PAT_662,3,Chest,30,25,BCC,f,t,f,t,t,t,PAT_662_1251_43.png,t
1254,PAT_663,3,Back,13,12,SCC,t,t,t,t,t,f,PAT_663_1254_732.png,t
1263,PAT_664,2,Back,13,9,SCC,t,t,f,t,t,t,PAT_664_1263_781.png,t
104,PAT_67,5,Face,18,14,BCC,t,t,t,f,t,t,PAT_67_104_730.png,t
3928,PAT_673,2,Face,13,9,ACK,t,t,f,f,t,f,PAT_673_3928_888.png,f
1349,PAT_677,2,Forearm,11,7,SCC,f,t,f,t,f,t,PAT_677_1349_541.png,t
1286,PAT_679,2,Lip,6,5,SCC,f,f,f,t,f,t,PAT_679_1286_677.png,t
105,PAT_68,2,Face,8,7,BCC,f,t,f,f,f,t,PAT_68_105_871.png,t
1289,PAT_680,2,Back,10,10,MEL,f,t,f,t,f,t,PAT_680_1289_182.png,t
1292,PAT_682,2,Back,10,10,BCC,t,t,f,f,t,t,PAT_682_1292_986.png,t
1302,PAT_684,1,Forearm,5,5,BCC,t,t,f,f,t,t,PAT_684_1302_588.png,t
1355,PAT_686,3,Face,17,15,SCC,t,t,t,t,t,t,PAT_686_1355_168.png,t
1304,PAT_687,5,Nose,7,6,BCC,f,t,f,t,f,t,PAT_687_1304_898.png,t
1305,PAT_688,2,Chest,7,5,BCC,t,t,f,f,f,t,PAT_688_1305_242.png,t
1306,PAT_689,2,Arm,10,7,SCC,t,f,f,f,f,t,PAT_689_1306_772.png,t
1053,PAT_69,2,Arm,11,10,ACK,t,f,t,f,f,t,PAT_69_1053_540.png,t
1309,PAT_690,3,Nose,17,14,BCC,t,t,t,t,t,t,PAT_690_1309_981.png,t
1311,PAT_691,1,Forearm,20,15,BCC,f,f,f,t,f,t,PAT_691_1311_686.png,t
1308,PAT_692,3,Face,9,6,BCC,t,t,t,t,f,t,PAT_692_1308_364.png,t
1313,PAT_693,2,Forearm,16,8,ACK,t,t,f,t,f,f,PAT_693_1313_304.png,t
1150,PAT_698,2,Forearm,9,7,ACK,t,f,f,f,t,f,PAT_698_1150_510.png,f
1320,PAT_699,1,Face,6,4,BCC,t,t,f,f,f,t,PAT_699_1320_901.png,t
107,PAT_70,2,Thigh,9,7,MEL,f,t,f,t,f,f,PAT_70_107_591.png,t
4056,PAT_701,2,Face,10,5,SEK,f,f,f,f,f,t,PAT_701_4056_457.png,f
1329,PAT_703,1,Forearm,6,6,BCC,f,t,f,f,f,t,PAT_703_1329_112.png,t
1323,PAT_704,2,Forearm,6,6,ACK,t,f,f,f,f,f,PAT_704_1323_974.png,t
4015,PAT_705,1,Forearm,9,7,ACK,f,t,f,f,f,f,PAT_705_4015_413.png,f
1327,PAT_707,5,Nose,1,1,ACK,f,f,f,f,f,t,PAT_707_1327_245.png,t
108,PAT_71,3,Chest,15,13,ACK,t,f,f,f,f,f,PAT_71_108_56.png,t
4067,PAT_711,2,Hand,23,21,ACK,t,f,f,f,f,t,PAT_711_4067_260.png,f
1337,PAT_714,3,Ear,15,11,SCC,t,t,f,t,f,t,PAT_714_1337_709.png,t
4072,PAT_715,2,Hand,3,2,ACK,f,f,f,f,f,t,PAT_715_4072_827.png,f
1345,PAT_716,1,Chest,15,15,BCC,f,f,f,f,f,t,PAT_716_1345_460.png,t
1361,PAT_719,2,Forearm,29,19,MEL,f,f,f,f,f,f,PAT_719_1361_234.png,t
110,PAT_72,2,Back,8,6,NEV,f,t,f,f,f,f,PAT_72_110_647.png,t
1362,PAT_720,2,Arm,11,10,BCC,f,f,f,f,t,t,PAT_720_1362_700.png,t
1365,PAT_721,2,Face,15,10,BCC,t,t,f,f,f,t,PAT_721_1365_142.png,t
1369,PAT_724,1,Face,5,5,BCC,t,f,t,f,f,t,PAT_724_1369_896.png,t
1371,PAT_726,2,Face,12,11,BCC,t,t,f,f,f,t,PAT_726_1371_543.png,t
1373,PAT_727,2,Face,15,10,BCC,t,t,t,f,t,t,PAT_727_1373_718.png,t
1533,PAT_728,3,Forearm,15,5,ACK,f,f,f,f,f,f,PAT_728_1533_952.png,f
1387,PAT_731,2,Forearm,14,12,ACK,f,f,f,f,f,t,PAT_731_1387_634.png,t
1390,PAT_734,2,Nose,9,9,BCC,t,t,t,f,t,t,PAT_734_1390_631.png,t
1391,PAT_735,2,Forearm,10,10,ACK,t,t,f,f,t,t,PAT_735_1391_683.png,t
1394,PAT_737,2,Nose,5,5,BCC,f,t,t,f,t,t,PAT_737_1394_936.png,t
1397,PAT_738,2,Face,3,3,BCC,f,f,f,f,t,t,PAT_738_1397_966.png,t
1398,PAT_739,2,Thigh,50,48,ACK,t,f,f,f,f,f,PAT_739_1398_331.png,t
112,PAT_74,3,Face,15,9,BCC,t,f,f,f,f,f,PAT_74_112_729.png,t
1402,PAT_742,2,Hand,15,10,ACK,f,f,f,t,f,t,PAT_742_1402_818.png,t
1405,PAT_744,2,Face,16,5,BCC,t,t,f,f,f,t,PAT_744_1405_742.png,t
1407,PAT_746,3,Back,20,17,MEL,t,t,f,t,f,t,PAT_746_1407_708.png,t
1408,PAT_747,3,Chest,13,12,BCC,t,t,f,f,f,t,PAT_747_1408_427.png,t
1414,PAT_749,2,Forearm,10,10,ACK,f,f,f,f,f,f,PAT_749_1414_770.png,t
1427,PAT_753,3,Face,5,5,ACK,f,t,f,t,f,t,PAT_753_1427_658.png,t
1429,PAT_754,2,Forearm,40,34,MEL,f,t,f,f,f,f,PAT_754_1429_380.png,t
1430,PAT_755,2,Face,5,5,ACK,t,f,t,f,t,t,PAT_755_1430_681.png,t
1496,PAT_756,4,Abdomen,8,5,NEV,f,t,f,f,f,t,PAT_756_1496_480.png,t
1431,PAT_757,2,Neck,10,9,ACK,t,t,f,t,t,t,PAT_757_1431_696.png,t
1538,PAT_759,2,Nose,5,3,BCC,t,t,f,f,t,t,PAT_759_1538_566.png,t
1039,PAT_76,1,Ear,20,18,SCC,t,t,f,f,f,t,PAT_76_1039_269.png,t
1439,PAT_763,4,Thigh,15,15,ACK,f,f,f,f,f,t,PAT_763_1439_668.png,t
1448,PAT_764,3,Back,4,4,BCC,t,f,f,f,t,f,PAT_764_1448_499.png,t
1444,PAT_766,3,Ear,6,6,BCC,f,f,f,f,f,f,PAT_766_1444_52.png,t
1451,PAT_770,5,Face,40,5,SCC,t,t,t,f,t,t,PAT_770_1451_136.png,t
1488,PAT_771,3,Arm,7,7,SCC,t,t,f,t,f,t,PAT_771_1488_562.png,t
1462,PAT_774,3,Neck,7,5,BCC,t,t,f,t,f,t,PAT_774_1462_821.png,t
1471,PAT_778,3,Face,15,10,BCC,f,t,f,t,t,t,PAT_778_1471_835.png,t
118,PAT_78,3,Back,20,20,BCC,f,t,f,f,f,t,PAT_78_118_164.png,t
1474,PAT_781,3,Face,10,4,BCC,f,t,f,t,f,t,PAT_781_1474_517.png,t
1493,PAT_782,3,Chest,12,6,ACK,f,f,f,f,f,f,PAT_782_1493_140.png,t
1479,PAT_785,4,Nose,15,15,BCC,t,t,f,f,f,t,PAT_785_1479_108.png,t
1503,PAT_788,4,Face,17,7,BCC,f,t,f,f,f,t,PAT_788_1503_168.png,t
1483,PAT_789,3,Back,15,7,BCC,t,t,t,f,f,t,PAT_789_1483_793.png,t
120,PAT_79,2,Face,7,5,BCC,f,f,f,f,f,f,PAT_79_120_532.png,t
4351,PAT_792,5,Forearm,5,5,ACK,f,f,f,f,f,f,PAT_792_4351_858.png,f
1512,PAT_793,4,Back,7,4,NEV,t,f,f,f,f,f,PAT_793_1512_327.png,t
1508,PAT_795,3,Hand,11,10,ACK,t,f,f,f,f,t,PAT_795_1508_925.png,t
1515,PAT_799,3,Face,5,4,ACK,t,f,f,f,f,t,PAT_799_1515_723.png,t
1518,PAT_801,4,Neck,20,8,MEL,f,t,f,f,f,f,PAT_801_1518_78.png,t
1516,PAT_802,3,Face,20,10,ACK,t,f,f,f,f,f,PAT_802_1516_910.png,t
1517,PAT_805,3,Hand,10,8,SCC,t,t,f,f,f,t,PAT_805_1517_154.png,t
1520,PAT_806,2,Forearm,5,5,BCC,f,f,f,f,f,t,PAT_806_1520_708.png,t
1528,PAT_809,3,Face,6,6,ACK,t,f,f,f,f,f,PAT_809_1528_118.png,t
123,PAT_81,3,Arm,13,11,ACK,f,t,f,f,f,t,PAT_81_123_52.png,t
1526,PAT_810,3,Neck,42,21,BCC,t,t,f,f,t,t,PAT_810_1526_67.png,t
1532,PAT_814,2,Chest,40,20,BCC,t,t,t,f,t,t,PAT_814_1532_545.png,t
1537,PAT_817,2,Thigh,11,10,BCC,f,t,f,t,f,t,PAT_817_1537_643.png,t
125,PAT_82,2,Arm,15,13,BCC,t,t,t,f,t,t,PAT_82_125_365.png,t
1550,PAT_822,3,Face,13,10,BCC,t,t,f,f,f,t,PAT_822_1550_826.png,t
1558,PAT_823,2,Arm,30,20,BCC,t,t,t,f,t,t,PAT_823_1558_67.png,t
1561,PAT_824,2,Forearm,11,9,ACK,t,f,f,f,f,t,PAT_824_1561_796.png,t
1615,PAT_826,2,Face,10,8,BCC,f,f,f,f,f,t,PAT_826_1615_908.png,t
126,PAT_83,2,Forearm,7,6,BCC,t,t,t,f,t,t,PAT_83_126_820.png,t
1570,PAT_831,3,Hand,10,7,ACK,t,t,f,t,f,t,PAT_831_1570_991.png,t
1571,PAT_833,4,Nose,3,3,BCC,f,t,f,t,f,f,PAT_833_1571_134.png,t
4490,PAT_834,2,Arm,10,9,ACK,f,f,f,f,f,f,PAT_834_4490_317.png,f
1585,PAT_838,3,Neck,18,10,BCC,f,f,f,f,f,t,PAT_838_1585_282.png,t
128,PAT_84,2,Face,11,7,BCC,t,t,t,f,t,t,PAT_84_128_233.png,t
1606,PAT_842,3,Chest,31,21,BCC,f,t,f,f,f,f,PAT_842_1606_720.png,t
1605,PAT_844,2,Lip,8,7,SCC,f,t,f,t,f,t,PAT_844_1605_308.png,t
1607,PAT_846,2,Arm,19,12,ACK,t,t,f,f,f,f,PAT_846_1607_895.png,t
1610,PAT_847,2,Back,15,10,BCC,f,f,t,f,f,f,PAT_847_1610_165.png,t
1612,PAT_849,2,Neck,15,7,BCC,f,t,f,t,t,t,PAT_849_1612_143.png,t
129,PAT_85,3,Chest,4,3,ACK,f,t,f,f,f,t,PAT_85_129_225.png,t
4519,PAT_851,3,Face,25,10,ACK,t,f,f,f,f,f,PAT_851_4519_488.png,f
1629,PAT_852,3,Ear,7,5,BCC,f,f,f,f,t,t,PAT_852_1629_265.png,t
1642,PAT_853,3,Face,2,6,BCC,f,f,f,f,f,t,PAT_853_1642_497.png,t
1626,PAT_856,3,Chest,10,9,BCC,t,f,t,f,t,t,PAT_856_1626_523.png,t
1109,PAT_86,2,Hand,7,6,BCC,t,t,t,f,t,t,PAT_86_1109_306.png,t
1641,PAT_860,3,Hand,14,13,SCC,f,t,t,t,f,t,PAT_860_1641_440.png,t
1639,PAT_861,3,Abdomen,10,9,ACK,t,f,t,f,t,t,PAT_861_1639_823.png,t
1643,PAT_862,3,Nose,2,1,ACK,t,t,f,f,f,f,PAT_862_1643_386.png,t
1645,PAT_864,3,Back,16,13,BCC,t,t,f,f,t,t,PAT_864_1645_639.png,t
1649,PAT_866,3,Forearm,10,8,BCC,f,t,f,f,f,t,PAT_866_1649_674.png,t
1650,PAT_867,3,Chest,11,11,BCC,t,t,t,f,t,t,PAT_867_1650_901.png,t
1657,PAT_868,3,Chest,4,4,ACK,t,f,f,f,f,t,PAT_868_1657_698.png,t
133,PAT_87,3,Chest,17,15,SEK,f,t,f,f,f,t,PAT_87_133_391.png,f
1661,PAT_873,2,Arm,7,4,ACK,f,f,f,f,f,t,PAT_873_1661_178.png,t
1672,PAT_874,2,Nose,7,6,SCC,f,f,f,f,f,t,PAT_874_1672_287.png,t
1667,PAT_877,2,Back,15,11,BCC,f,t,f,t,f,t,PAT_877_1667_118.png,t
1663,PAT_878,2,Thigh,10,8,ACK,t,f,f,f,f,t,PAT_878_1663_7.png,t
133,PAT_88,2,Face,7,5,BCC,f,t,f,f,f,t,PAT_88_133_64.png,t
1673,PAT_880,2,Forearm,10,8,ACK,t,f,f,f,f,t,PAT_880_1673_410.png,t
1682,PAT_883,2,Lip,6,5,ACK,f,t,f,f,f,t,PAT_883_1682_256.png,t
1687,PAT_885,2,Face,4,4,BCC,f,f,f,f,f,t,PAT_885_1687_204.png,t
1684,PAT_886,3,Arm,10,6,ACK,f,t,t,t,f,t,PAT_886_1684_297.png,t
1689,PAT_889,3,Thigh,20,18,ACK,t,f,t,f,f,t,PAT_889_1689_986.png,t
135,PAT_89,2,Nose,3,3,BCC,t,f,t,f,t,t,PAT_89_135_11.png,t
1700,PAT_891,2,Hand,8,8,ACK,t,f,f,f,f,t,PAT_891_1700_180.png,t
17,PAT_9,2,Chest,9,5,ACK,f,f,f,f,f,f,PAT_9_17_80.png,t
219,PAT_90,3,Thigh,6,6,SEK,f,f,f,f,f,t,PAT_90_219_648.png,f
1716,PAT_901,2,Face,12,10,BCC,f,t,f,t,f,t,PAT_901_1716_497.png,t
1721,PAT_905,3,Nose,3,3,BCC,t,t,f,f,t,t,PAT_905_1721_327.png,t
354,PAT_91,2,Face,35,15,ACK,t,f,f,f,f,f,PAT_91_354_332.png,f
1740,PAT_914,2,Hand,6,6,ACK,t,f,f,f,f,t,PAT_914_1740_932.png,t
1742,PAT_918,2,Face,15,8,BCC,t,t,t,t,t,t,PAT_918_1742_456.png,t
1744,PAT_919,2,Nose,13,10,BCC,f,t,f,t,t,t,PAT_919_1744_318.png,t
1750,PAT_921,2,Nose,5,3,ACK,t,f,f,f,t,f,PAT_921_1750_313.png,t
1753,PAT_923,2,Nose,15,15,BCC,f,t,f,t,t,t,PAT_923_1753_706.png,t
1757,PAT_924,3,Thigh,5,5,SCC,f,f,f,f,t,t,PAT_924_1757_784.png,t
1759,PAT_927,2,Chest,9,6,BCC,t,t,t,t,f,t,PAT_927_1759_749.png,t
361,PAT_93,4,Face,8,6,SEK,f,t,f,f,f,t,PAT_93_361_203.png,f
1762,PAT_931,2,Hand,13,7,ACK,t,f,f,f,f,f,PAT_931_1762_69.png,t
1768,PAT_937,2,Face,12,10,ACK,f,t,f,f,f,t,PAT_937_1768_126.png,t
1792,PAT_942,4,Face,13,10,ACK,t,f,f,f,f,f,PAT_942_1792_411.png,t
1793,PAT_943,2,Back,13,12,BCC,t,f,f,f,t,t,PAT_943_1793_256.png,t
1795,PAT_944,3,Face,10,7,BCC,f,t,f,f,t,t,PAT_944_1795_371.png,t
1809,PAT_946,3,Nose,3,3,BCC,f,t,f,t,t,t,PAT_946_1809_687.png,t
1801,PAT_948,3,Nose,3,2,BCC,f,t,f,f,t,t,PAT_948_1801_993.png,t
1804,PAT_950,4,Face,7,6,BCC,t,f,f,f,t,t,PAT_950_1804_64.png,t
1836,PAT_951,2,Forearm,10,10,ACK,t,f,f,f,f,t,PAT_951_1836_991.png,t
1806,PAT_953,3,Arm,9,8,SCC,t,t,f,f,f,t,PAT_953_1806_326.png,t
1816,PAT_960,3,Face,7,5,ACK,f,f,f,f,f,f,PAT_960_1816_662.png,t
1818,PAT_961,4,Thigh,21,20,ACK,t,f,f,f,f,t,PAT_961_1818_992.png,t
1823,PAT_962,3,Face,3,3,BCC,t,t,t,f,f,t,PAT_962_1823_942.png,t
1820,PAT_963,2,Back,7,6,ACK,f,f,f,f,f,f,PAT_963_1820_823.png,t
1825,PAT_966,3,Face,12,5,MEL,t,t,f,t,f,f,PAT_966_1825_584.png,t
1835,PAT_968,2,Face,4,3,BCC,t,t,f,t,t,t,PAT_968_1835_721.png,t
151,PAT_97,2,Chest,22,15,BCC,t,t,f,f,t,t,PAT_97_151_503.png,t
1847,PAT_971,2,Hand,14,13,ACK,t,f,f,f,f,f,PAT_971_1847_99.png,t
1843,PAT_972,2,Arm,5,3,MEL,f,t,f,t,f,f,PAT_972_1843_756.png,t
1839,PAT_973,3,Neck,5,3,ACK,t,f,f,f,f,f,PAT_973_1839_34.png,t
4734,PAT_975,2,Back,20,10,NEV,f,t,f,f,f,t,PAT_975_4734_783.png,f
1837,PAT_976,3,Ear,35,25,BCC,f,t,f,t,t,t,PAT_976_1837_861.png,t
1852,PAT_982,3,Forearm,17,14,ACK,t,f,f,f,f,t,PAT_982_1852_526.png,t
1853,PAT_983,2,Arm,10,9,ACK,t,f,t,f,f,t,PAT_983_1853_985.png,t
1856,PAT_985,3,Nose,14,9,BCC,t,t,t,f,t,t,PAT_985_1856_397.png,t
1859,PAT_987,3,Face,13,9,ACK,t,t,t,t,f,t,PAT_987_1859_859.png,t
1858,PAT_988,3,Face,7,5,BCC,t,f,f,f,t,t,PAT_988_1858_453.png,t
153,PAT_99,2,Face,10,6,BCC,t,t,t,f,t,t,PAT_99_153_636.png,t
1864,PAT_992,3,Hand,9,8,ACK,t,f,f,f,f,f,PAT_992_1864_653.png,t
1866,PAT_994,3,Thigh,11,8,BCC,t,t,f,f,t,f,PAT_994_1866_913.png,t
1867,PAT_995,2,Thigh,23,20,MEL,f,t,f,t,f,t,PAT_995_1867_5.png,t
6,PAT_996,0,Chest,0,0,ACK,f,f,f,f,f,f,PAT_996_6_886.png,f
14,PAT_997,0,Forearm,0,0,ACK,t,f,f,f,t,f,PAT_997_14_40.png,f
17,PAT_998,0,Face,0,0,SEK,f,t,f,f,f,f,PAT_998_17_641.png,f
20,PAT_999,0,Arm,0,0,ACK,t,f,f,f,t,f,PAT_999_20_223.png,f
