patient_id,smoke,drink,background_father,background_mother,age,pesticide,gender,skin_cancer_history,cancer_history,has_piped_water,has_sewage_system
PAT_100,f,f,Pomerania,Pomerania,14,f,Male,f,t,f,f
PAT_1000,f,f,Unknown,Unknown,65,f,Male,f,f,f,f
PAT_1006,f,f,Unknown,Unknown,63,f,Male,f,f,f,f
PAT_1008,f,f,Unknown,Unknown,64,f,Male,f,f,f,f
PAT_101,t,t,Germany,Germany,59,f,Male,f,f,t,t
PAT_1013,f,f,Unknown,Unknown,43,f,Male,f,f,f,f
PAT_1014,f,f,Unknown,Unknown,41,f,Male,f,f,f,f
PAT_1017,f,f,Unknown,Unknown,67,f,Male,f,f,f,f
PAT_1018,f,f,Unknown,Unknown,37,f,Male,f,f,f,f
PAT_1019,f,f,Unknown,Unknown,48,f,Male,f,f,f,f
PAT_1020,f,f,Unknown,Unknown,41,f,Male,f,f,f,f
PAT_1021,f,f,Unknown,Unknown,37,f,Male,f,f,f,f
PAT_1022,f,f,Unknown,Unknown,39,f,Male,f,f,f,f
PAT_1026,f,f,Unknown,Unknown,52,f,Male,f,f,f,f
PAT_1027,f,f,Unknown,Unknown,38,f,Male,f,f,f,f
PAT_1029,f,f,Unknown,Unknown,47,f,Male,f,f,f,f
PAT_1031,f,f,Unknown,Unknown,35,f,Male,f,f,f,f
PAT_1033,f,f,Unknown,Unknown,41,f,Male,f,f,f,f
PAT_1034,f,f,Unknown,Unknown,55,f,Male,f,f,f,f
PAT_1035,f,f,Unknown,Unknown,47,f,Male,f,f,f,f
PAT_1036,f,f,Unknown,Unknown,45,f,Male,f,f,f,f
PAT_104,f,f,Pomerania,Pomerania,79,t,Female,t,t,f,f
PAT_1042,f,f,Unknown,Unknown,40,f,Female,f,f,f,f
PAT_1046,f,f,Unknown,Unknown,36,f,Female,f,f,f,f
PAT_1051,f,f,Unknown,Unknown,47,f,Female,f,f,f,f
PAT_1057,f,f,Unknown,Unknown,47,f,Female,f,f,f,f
PAT_1061,f,f,Unknown,Unknown,42,f,Female,f,f,f,f
PAT_1062,f,f,Unknown,Unknown,54,f,Female,f,f,f,f
PAT_1063,f,f,Unknown,Unknown,65,f,Female,f,f,f,f
PAT_1064,f,f,Unknown,Unknown,44,f,Female,f,f,f,f
PAT_1065,f,f,Unknown,Unknown,52,f,Female,f,f,f,f
PAT_1066,f,f,Unknown,Unknown,47,f,Female,f,f,f,f
PAT_1067,f,f,Unknown,Unknown,55,f,Female,f,f,f,f
PAT_1068,f,f,Unknown,Unknown,62,f,Female,f,f,f,f
PAT_107,f,f,Pomerania,Pomerania,82,f,Female,f,f,f,f
PAT_1070,f,f,Unknown,Unknown,63,f,Female,f,f,f,f
PAT_1071,f,f,Unknown,Unknown,55,f,Female,f,f,f,f
PAT_1072,f,f,Unknown,Unknown,57,f,Female,f,f,f,f
PAT_1074,f,f,Unknown,Unknown,45,f,Female,f,f,f,f
PAT_1075,f,f,Unknown,Unknown,70,f,Female,f,f,f,f
PAT_108,f,f,Pomerania,Pomerania,68,t,Male,t,t,t,t
PAT_1082,f,f,Unknown,Unknown,47,f,Male,f,f,f,f
PAT_1088,f,f,Unknown,Unknown,44,f,Male,f,f,f,f
PAT_1089,f,f,Unknown,Unknown,39,f,Male,f,f,f,f
PAT_109,t,t,Italy,Italy,82,t,Male,f,t,f,f
PAT_1090,f,f,Unknown,Unknown,45,f,Male,f,f,f,f
PAT_1092,f,f,Unknown,Unknown,41,f,Male,f,f,f,f
PAT_1093,f,f,Unknown,Unknown,53,f,Male,f,f,f,f
PAT_1094,f,f,Unknown,Unknown,41,f,Male,f,f,f,f
PAT_110,f,f,Italy,Italy,62,f,Female,f,t,f,t
PAT_1100,f,f,Unknown,Unknown,57,f,Female,f,f,f,f
PAT_1102,f,f,Unknown,Unknown,57,f,Female,f,f,f,f
PAT_1105,f,f,Unknown,Unknown,75,f,Female,f,f,f,f
PAT_1107,f,f,Unknown,Unknown,38,f,Female,f,f,f,f
PAT_1109,f,f,Unknown,Unknown,36,f,Female,f,f,f,f
PAT_1112,f,f,Unknown,Unknown,52,f,Female,f,f,f,f
PAT_1113,f,f,Unknown,Unknown,47,f,Female,f,f,f,f
PAT_1118,f,f,Unknown,Unknown,55,f,Female,f,f,f,f
PAT_1119,f,f,Unknown,Unknown,60,f,Female,f,f,f,f
PAT_1122,f,f,Unknown,Unknown,72,f,Female,f,f,f,f
PAT_1124,f,f,Unknown,Unknown,55,f,Female,f,f,f,f
PAT_1125,f,f,Unknown,Unknown,55,f,Female,f,f,f,f
PAT_1127,f,f,Unknown,Unknown,40,f,Female,f,f,f,f
PAT_1128,f,f,Unknown,Unknown,40,f,Female,f,f,f,f
PAT_1129,f,f,Unknown,Unknown,51,f,Female,f,f,f,f
PAT_1130,f,f,Unknown,Unknown,42,f,Female,f,f,f,f
PAT_1132,f,f,Unknown,Unknown,60,f,Female,f,f,f,f
PAT_1133,f,f,Unknown,Unknown,52,f,Female,f,f,f,f
PAT_1136,f,f,Unknown,Unknown,40,f,Female,f,f,f,f
PAT_1138,f,f,Unknown,Unknown,35,f,Female,f,f,f,f
PAT_1139,f,f,Unknown,Unknown,45,f,Female,f,f,f,f
PAT_1141,f,f,Unknown,Unknown,55,f,Female,f,f,f,f
PAT_1145,f,f,Unknown,Unknown,55,f,Female,f,f,f,f
PAT_1148,f,f,Unknown,Unknown,32,f,Female,f,f,f,f
PAT_115,f,f,Pomerania,Pomerania,69,f,Female,f,t,f,f
PAT_1151,f,f,Unknown,Unknown,60,f,Female,f,f,f,f
PAT_1153,f,f,Unknown,Unknown,32,f,Female,f,f,f,f
PAT_1158,f,f,Unknown,Unknown,44,f,Female,f,f,f,f
PAT_1161,f,f,Unknown,Unknown,38,f,Female,f,f,f,f
PAT_117,f,f,Pomerania,Pomerania,74,t,Female,f,f,f,f
PAT_1170,f,f,Unknown,Unknown,41,f,Female,f,f,f,f
PAT_1171,f,f,Unknown,Unknown,47,f,Female,f,f,f,f
PAT_1172,f,f,Unknown,Unknown,35,f,Female,f,f,f,f
PAT_1174,f,f,Unknown,Unknown,57,f,Female,f,f,f,f
PAT_1176,f,f,Unknown,Unknown,69,f,Female,f,f,f,f
PAT_1177,f,f,Unknown,Unknown,62,f,Female,f,f,f,f
PAT_1179,f,f,Unknown,Unknown,43,f,Female,f,f,f,f
PAT_118,f,f,Pomerania,Pomerania,62,t,Female,f,f,f,f
PAT_1180,f,f,Unknown,Unknown,56,f,Female,f,f,f,f
PAT_1181,f,f,Unknown,Unknown,55,f,Female,f,f,f,f
PAT_1184,f,f,Unknown,Unknown,49,f,Female,f,f,f,f
PAT_1185,f,f,Unknown,Unknown,60,f,Female,f,f,f,f
PAT_1186,f,f,Unknown,Unknown,39,f,Female,f,f,f,f
PAT_119,f,f,Pomerania,Pomerania,77,f,Female,f,f,f,f
PAT_1190,f,f,Unknown,Unknown,56,f,Female,f,f,f,f
PAT_1197,f,f,Unknown,Unknown,54,f,Female,f,f,f,f
PAT_1198,f,f,Unknown,Unknown,45,f,Female,f,f,f,f
PAT_120,f,f,Pomerania,Pomerania,53,f,Female,t,f,f,f
PAT_1202,f,f,Unknown,Unknown,52,f,Female,f,f,f,f
PAT_1203,f,f,Unknown,Unknown,49,f,Female,f,f,f,f
PAT_1208,f,f,Unknown,Unknown,37,f,Female,f,f,f,f
PAT_1209,f,f,Unknown,Unknown,36,f,Female,f,f,f,f
PAT_121,f,f,Pomerania,Pomerania,68,f,Female,f,t,t,f
PAT_1210,f,f,Unknown,Unknown,50,f,Female,f,f,f,f
PAT_1215,f,f,Unknown,Unknown,32,f,Female,f,f,f,f
PAT_1216,f,f,Unknown,Unknown,41,f,Female,f,f,f,f
PAT_1217,f,f,Unknown,Unknown,35,f,Female,f,f,f,f
PAT_1219,f,f,Unknown,Unknown,35,f,Female,f,f,f,f
PAT_1220,f,f,Unknown,Unknown,67,f,Female,f,f,f,f
PAT_1221,f,f,Unknown,Unknown,54,f,Female,f,f,f,f
PAT_1222,f,f,Unknown,Unknown,40,f,Female,f,f,f,f
PAT_1223,f,f,Unknown,Unknown,35,f,Female,f,f,f,f
PAT_1229,f,f,Unknown,Unknown,25,f,Female,f,f,f,f
PAT_1241,f,f,Unknown,Unknown,49,f,Female,f,f,f,f
PAT_1242,f,f,Unknown,Unknown,17,f,Female,f,f,f,f
PAT_1243,f,f,Unknown,Unknown,57,f,Female,f,f,f,f
PAT_1244,f,f,Unknown,Unknown,69,f,Female,f,f,f,f
PAT_1245,f,f,Unknown,Unknown,22,f,Female,f,f,f,f
PAT_1246,f,f,Unknown,Unknown,51,f,Female,f,f,f,f
PAT_1247,f,f,Unknown,Unknown,52,f,Female,f,f,f,f
PAT_1249,f,f,Unknown,Unknown,52,f,Female,f,f,f,f
PAT_1252,f,f,Unknown,Unknown,65,f,Female,f,f,f,f
PAT_1255,f,f,Unknown,Unknown,60,f,Female,f,f,f,f
PAT_1256,f,f,Unknown,Unknown,44,f,Female,f,f,f,f
PAT_1257,f,f,Unknown,Unknown,21,f,Female,f,f,f,f
PAT_1259,f,f,Unknown,Unknown,72,f,Female,f,f,f,f
PAT_126,t,f,Italy,Germany,48,t,Male,f,f,f,f
PAT_1260,f,f,Unknown,Unknown,41,f,Male,f,f,f,f
PAT_1261,f,f,Unknown,Unknown,68,f,Male,f,f,f,f
PAT_1264,f,f,Unknown,Unknown,31,f,Male,f,f,f,f
PAT_1265,f,f,Unknown,Unknown,55,f,Male,f,f,f,f
PAT_1267,f,f,Unknown,Unknown,54,f,Male,f,f,f,f
PAT_1269,f,f,Unknown,Unknown,72,f,Male,f,f,f,f
PAT_1273,f,f,Unknown,Unknown,32,f,Male,f,f,f,f
PAT_1274,f,f,Unknown,Unknown,52,f,Male,f,f,f,f
PAT_1275,f,f,Unknown,Unknown,37,f,Male,f,f,f,f
PAT_1276,f,f,Unknown,Unknown,33,f,Male,f,f,f,f
PAT_1277,f,f,Unknown,Unknown,61,f,Male,f,f,f,f
PAT_1278,f,f,Unknown,Unknown,65,f,Male,f,f,f,f
PAT_128,f,f,Pomerania,Pomerania,56,t,Female,f,f,f,f
PAT_1280,f,f,Unknown,Unknown,60,f,Female,f,f,f,f
PAT_1282,f,f,Unknown,Unknown,51,f,Female,f,f,f,f
PAT_1284,f,f,Unknown,Unknown,75,f,Female,f,f,f,f
PAT_1286,f,f,Unknown,Unknown,73,f,Female,f,f,f,f
PAT_1288,f,f,Unknown,Unknown,39,f,Female,f,f,f,f
PAT_1294,f,f,Unknown,Unknown,35,f,Female,f,f,f,f
PAT_1296,f,f,Unknown,Unknown,56,f,Female,f,f,f,f
PAT_1297,f,f,Unknown,Unknown,66,f,Female,f,f,f,f
PAT_1298,f,f,Unknown,Unknown,43,f,Female,f,f,f,f
PAT_1299,f,f,Unknown,Unknown,57,f,Female,f,f,f,f
PAT_1300,f,f,Unknown,Unknown,75,f,Female,f,f,f,f
PAT_1301,f,f,Unknown,Unknown,79,f,Female,f,f,f,f
PAT_1303,f,f,Unknown,Unknown,79,f,Female,f,f,f,f
PAT_1304,f,f,Unknown,Unknown,55,f,Female,f,f,f,f
PAT_1305,f,f,Unknown,Unknown,54,f,Female,f,f,f,f
PAT_1306,f,f,Unknown,Unknown,52,f,Female,f,f,f,f
PAT_1307,f,f,Unknown,Unknown,58,f,Female,f,f,f,f
PAT_1308,f,f,Unknown,Unknown,46,f,Female,f,f,f,f
PAT_1309,f,f,Unknown,Unknown,67,f,Female,f,f,f,f
PAT_131,f,f,Germany,Germany,90,f,Male,t,t,t,t
PAT_1310,f,f,Unknown,Unknown,69,f,Male,f,f,f,f
PAT_1312,f,f,Unknown,Unknown,58,f,Male,f,f,f,f
PAT_1313,f,f,Unknown,Unknown,33,f,Male,f,f,f,f
PAT_1314,f,f,Unknown,Unknown,61,f,Male,f,f,f,f
PAT_1315,f,f,Unknown,Unknown,80,f,Male,f,f,f,f
PAT_1316,f,f,Unknown,Unknown,69,f,Male,f,f,f,f
PAT_1317,f,f,Unknown,Unknown,72,f,Male,f,f,f,f
PAT_132,f,f,Pomerania,Pomerania,58,t,Male,f,t,f,f
PAT_1320,f,f,Unknown,Unknown,34,f,Male,f,f,f,f
PAT_1322,f,f,Unknown,Unknown,70,f,Male,f,f,f,f
PAT_1324,f,f,Unknown,Unknown,67,f,Male,f,f,f,f
PAT_1326,f,f,Unknown,Unknown,59,f,Male,f,f,f,f
PAT_1329,f,f,Unknown,Unknown,57,f,Male,f,f,f,f
PAT_1330,f,f,Unknown,Unknown,24,f,Male,f,f,f,f
PAT_1331,f,f,Unknown,Unknown,31,f,Male,f,f,f,f
PAT_1332,f,f,Unknown,Unknown,76,f,Male,f,f,f,f
PAT_1333,f,f,Unknown,Unknown,38,f,Male,f,f,f,f
PAT_1334,f,f,Unknown,Unknown,16,f,Male,f,f,f,f
PAT_1335,f,f,Unknown,Unknown,12,f,Male,f,f,f,f
PAT_134,f,f,Pomerania,Pomerania,62,f,Male,t,f,f,f
PAT_1340,f,f,Unknown,Unknown,62,f,Male,f,f,f,f
PAT_1341,f,f,Unknown,Unknown,66,f,Male,f,f,f,f
PAT_1343,f,f,Unknown,Unknown,74,f,Male,f,f,f,f
PAT_1344,f,f,Unknown,Unknown,41,f,Male,f,f,f,f
PAT_1345,f,f,Unknown,Unknown,56,f,Male,f,f,f,f
PAT_1347,f,f,Unknown,Unknown,64,f,Male,f,f,f,f
PAT_1349,f,f,Unknown,Unknown,58,f,Male,f,f,f,f
PAT_135,f,f,Pomerania,Pomerania,53,t,Male,f,t,f,f
PAT_1350,f,f,Unknown,Unknown,20,f,Male,f,f,f,f
PAT_1351,f,f,Unknown,Unknown,25,f,Male,f,f,f,f
PAT_1364,f,f,Unknown,Unknown,17,f,Male,f,f,f,f
PAT_1365,f,f,Unknown,Unknown,48,f,Male,f,f,f,f
PAT_1367,f,f,Unknown,Unknown,77,f,Male,f,f,f,f
PAT_1369,f,f,Unknown,Unknown,62,f,Male,f,f,f,f
PAT_1370,f,f,Unknown,Unknown,57,f,Male,f,f,f,f
PAT_1371,f,f,Unknown,Unknown,53,f,Male,f,f,f,f
PAT_1373,f,f,Unknown,Unknown,39,f,Male,f,f,f,f
PAT_1374,f,f,Unknown,Unknown,54,f,Male,f,f,f,f
PAT_1376,f,f,Unknown,Unknown,75,f,Male,f,f,f,f
PAT_1377,f,f,Unknown,Unknown,71,f,Male,f,f,f,f
PAT_1379,f,f,Unknown,Unknown,31,f,Male,f,f,f,f
PAT_1381,f,f,Unknown,Unknown,68,f,Male,f,f,f,f
PAT_1385,f,f,Unknown,Unknown,69,f,Male,f,f,f,f
PAT_1388,f,f,Unknown,Unknown,29,f,Male,f,f,f,f
PAT_139,f,t,Germany,Germany,83,f,Male,t,f,t,t
PAT_1390,f,f,Unknown,Unknown,55,f,Male,f,f,f,f
PAT_1391,f,f,Unknown,Unknown,53,f,Male,f,f,f,f
PAT_1392,f,f,Unknown,Unknown,68,f,Male,f,f,f,f
PAT_1393,f,f,Unknown,Unknown,65,f,Male,f,f,f,f
PAT_1396,f,f,Unknown,Unknown,52,f,Male,f,f,f,f
PAT_1397,f,f,Unknown,Unknown,61,f,Male,f,f,f,f
PAT_1399,f,f,Unknown,Unknown,65,f,Male,f,f,f,f
PAT_1400,f,f,Unknown,Unknown,78,f,Male,f,f,f,f
PAT_1401,f,f,Unknown,Unknown,51,f,Male,f,f,f,f
PAT_1402,f,f,Unknown,Unknown,66,f,Male,f,f,f,f
PAT_1403,f,f,Unknown,Unknown,50,f,Male,f,f,f,f
PAT_1404,f,f,Unknown,Unknown,52,f,Male,f,f,f,f
PAT_1405,f,f,Unknown,Unknown,51,f,Male,f,f,f,f
PAT_1406,f,f,Unknown,Unknown,62,f,Male,f,f,f,f
PAT_1407,f,f,Unknown,Unknown,81,f,Male,f,f,f,f
PAT_1408,f,f,Unknown,Unknown,68,f,Male,f,f,f,f
PAT_141,f,t,Germany,Germany,71,f,Male,f,f,t,t
PAT_1410,f,f,Unknown,Unknown,86,f,Male,f,f,f,f
PAT_1411,f,f,Unknown,Unknown,63,f,Male,f,f,f,f
PAT_1412,f,f,Unknown,Unknown,75,f,Male,f,f,f,f
PAT_1414,f,f,Unknown,Unknown,75,f,Male,f,f,f,f
PAT_1415,f,f,Unknown,Unknown,77,f,Male,f,f,f,f
PAT_1418,f,f,Unknown,Unknown,86,f,Male,f,f,f,f
PAT_1420,f,f,Unknown,Unknown,84,f,Male,f,f,f,f
PAT_1421,f,f,Unknown,Unknown,62,f,Male,f,f,f,f
PAT_1423,f,f,Unknown,Unknown,56,f,Male,f,f,f,f
PAT_1427,f,f,Unknown,Unknown,47,f,Male,f,f,f,f
PAT_1428,f,f,Unknown,Unknown,68,f,Male,f,f,f,f
PAT_1429,f,f,Unknown,Unknown,58,f,Male,f,f,f,f
PAT_143,t,t,Pomerania,Pomerania,71,t,Male,t,t,f,f
PAT_1431,f,f,Unknown,Unknown,58,f,Male,f,f,f,f
PAT_1432,f,f,Unknown,Unknown,52,f,Male,f,f,f,f
PAT_1433,f,f,Unknown,Unknown,51,f,Male,f,f,f,f
PAT_1439,f,f,Unknown,Unknown,59,f,Male,f,f,f,f
PAT_1441,f,f,Unknown,Unknown,52,f,Male,f,f,f,f
PAT_1443,f,f,Unknown,Unknown,58,f,Male,f,f,f,f
PAT_1448,f,f,Unknown,Unknown,23,f,Male,f,f,f,f
PAT_1449,f,f,Unknown,Unknown,67,f,Male,f,f,f,f
PAT_145,f,f,Pomerania,Pomerania,68,f,Male,f,t,f,t
PAT_1450,f,f,Unknown,Unknown,49,f,Male,f,f,f,f
PAT_1451,f,f,Unknown,Unknown,36,f,Male,f,f,f,f
PAT_1452,f,f,Unknown,Unknown,67,f,Male,f,f,f,f
PAT_1453,f,f,Unknown,Unknown,52,f,Male,f,f,f,f
PAT_1455,f,f,Unknown,Unknown,67,f,Male,f,f,f,f
PAT_1460,f,f,Unknown,Unknown,62,f,Male,f,f,f,f
PAT_1461,f,f,Unknown,Unknown,52,f,Male,f,f,f,f
PAT_1464,f,f,Unknown,Unknown,69,f,Male,f,f,f,f
PAT_1466,f,f,Unknown,Unknown,53,f,Male,f,f,f,f
PAT_1468,f,f,Unknown,Unknown,73,f,Male,f,f,f,f
PAT_1469,f,f,Unknown,Unknown,71,f,Male,f,f,f,f
PAT_147,f,f,Pomerania,Pomerania,39,f,Male,f,f,f,f
PAT_1472,f,f,Unknown,Unknown,63,f,Male,f,f,f,f
PAT_1475,f,f,Unknown,Unknown,69,f,Male,f,f,f,f
PAT_1476,f,f,Unknown,Unknown,68,f,Male,f,f,f,f
PAT_1477,f,f,Unknown,Unknown,40,f,Male,f,f,f,f
PAT_1479,f,f,Unknown,Unknown,39,f,Male,f,f,f,f
PAT_148,f,t,Pomerania,Pomerania,48,t,Male,f,f,f,f
PAT_1480,f,f,Unknown,Unknown,76,f,Male,f,f,f,f
PAT_1481,f,f,Unknown,Unknown,60,f,Male,f,f,f,f
PAT_1482,f,f,Unknown,Unknown,79,f,Male,f,f,f,f
PAT_1483,f,f,Unknown,Unknown,82,f,Male,f,f,f,f
PAT_1484,f,f,Unknown,Unknown,28,f,Male,f,f,f,f
PAT_1486,f,f,Unknown,Unknown,73,f,Male,f,f,f,f
PAT_149,f,f,Pomerania,Pomerania,83,t,Male,f,t,f,f
PAT_1491,f,f,Unknown,Unknown,80,f,Male,f,f,f,f
PAT_1492,f,f,Unknown,Unknown,63,f,Male,f,f,f,f
PAT_1494,f,f,Unknown,Unknown,68,f,Male,f,f,f,f
PAT_1495,f,f,Unknown,Unknown,62,f,Male,f,f,f,f
PAT_1497,f,f,Unknown,Unknown,76,f,Male,f,f,f,f
PAT_1498,f,f,Unknown,Unknown,68,f,Male,f,f,f,f
PAT_1503,f,f,Unknown,Unknown,41,f,Male,f,f,f,f
PAT_1505,f,f,Unknown,Unknown,83,f,Male,f,f,f,f
PAT_1506,f,f,Unknown,Unknown,71,f,Male,f,f,f,f
PAT_1509,f,f,Unknown,Unknown,80,f,Male,f,f,f,f
PAT_151,f,t,Germany,Germany,62,f,Male,t,t,t,t
PAT_1513,f,f,Unknown,Unknown,72,f,Male,f,f,f,f
PAT_1514,f,f,Unknown,Unknown,28,f,Male,f,f,f,f
PAT_1516,f,f,Unknown,Unknown,8,f,Male,f,f,f,f
PAT_152,f,f,Germany,Germany,68,f,Male,f,t,t,t
PAT_1520,f,f,Unknown,Unknown,26,f,Male,f,f,f,f
PAT_1521,f,f,Unknown,Unknown,43,f,Male,f,f,f,f
PAT_1526,f,f,Unknown,Unknown,59,f,Male,f,f,f,f
PAT_1527,f,f,Unknown,Unknown,70,f,Male,f,f,f,f
PAT_1528,f,f,Unknown,Unknown,62,f,Male,f,f,f,f
PAT_1529,f,f,Unknown,Unknown,59,f,Male,f,f,f,f
PAT_153,f,f,Pomerania,Pomerania,71,f,Male,t,t,t,f
PAT_1531,f,f,Unknown,Unknown,64,f,Male,f,f,f,f
PAT_1534,f,f,Unknown,Unknown,14,f,Male,f,f,f,f
PAT_1535,f,f,Unknown,Unknown,32,f,Male,f,f,f,f
PAT_1536,f,f,Unknown,Unknown,71,f,Male,f,f,f,f
PAT_1538,f,f,Unknown,Unknown,50,f,Male,f,f,f,f
PAT_154,t,t,Italy,Italy,78,t,Male,t,t,f,f
PAT_1540,f,f,Unknown,Unknown,88,f,Male,f,f,f,f
PAT_1543,f,f,Unknown,Unknown,74,f,Male,f,f,f,f
PAT_1545,f,f,Unknown,Unknown,77,f,Male,f,f,f,f
PAT_1546,f,f,Unknown,Unknown,75,f,Male,f,f,f,f
PAT_1547,f,f,Unknown,Unknown,58,f,Male,f,f,f,f
PAT_1549,f,f,Unknown,Unknown,53,f,Male,f,f,f,f
PAT_1550,f,f,Unknown,Unknown,64,f,Male,f,f,f,f
PAT_1551,f,f,Unknown,Unknown,53,f,Male,f,f,f,f
PAT_1552,f,f,Unknown,Unknown,54,f,Male,f,f,f,f
PAT_1554,f,f,Unknown,Unknown,82,f,Male,f,f,f,f
PAT_1555,f,f,Unknown,Unknown,55,f,Male,f,f,f,f
PAT_1557,f,f,Unknown,Unknown,49,f,Male,f,f,f,f
PAT_156,f,f,Germany,Netherlands,81,t,Male,t,t,f,f
PAT_1563,f,f,Unknown,Unknown,70,f,Male,f,f,f,f
PAT_1565,f,f,Unknown,Unknown,45,f,Male,f,f,f,f
PAT_1566,f,f,Unknown,Unknown,72,f,Male,f,f,f,f
PAT_1568,f,f,Unknown,Unknown,34,f,Male,f,f,f,f
PAT_1569,f,f,Unknown,Unknown,78,f,Male,f,f,f,f
PAT_1570,f,f,Unknown,Unknown,37,f,Male,f,f,f,f
PAT_1571,f,f,Unknown,Unknown,52,f,Male,f,f,f,f
PAT_1572,f,f,Unknown,Unknown,72,f,Male,f,f,f,f
PAT_1573,f,f,Unknown,Unknown,45,f,Male,f,f,f,f
PAT_1575,f,f,Unknown,Unknown,75,f,Male,f,f,f,f
PAT_1577,f,f,Unknown,Unknown,83,f,Male,f,f,f,f
PAT_158,f,f,Germany,Germany,70,t,Male,t,t,t,f
PAT_1581,f,f,Unknown,Unknown,92,f,Male,f,f,f,f
PAT_1582,f,f,Unknown,Unknown,76,f,Male,f,f,f,f
PAT_1583,f,f,Unknown,Unknown,71,f,Male,f,f,f,f
PAT_1584,f,f,Unknown,Unknown,46,f,Male,f,f,f,f
PAT_1585,f,f,Unknown,Unknown,57,f,Male,f,f,f,f
PAT_1586,f,f,Unknown,Unknown,68,f,Male,f,f,f,f
PAT_1587,f,f,Unknown,Unknown,37,f,Male,f,f,f,f
PAT_1588,f,f,Unknown,Unknown,42,f,Male,f,f,f,f
PAT_1591,f,f,Unknown,Unknown,31,f,Male,f,f,f,f
PAT_1593,f,f,Unknown,Unknown,75,f,Male,f,f,f,f
PAT_1594,f,f,Unknown,Unknown,81,f,Male,f,f,f,f
PAT_1596,f,f,Unknown,Unknown,50,f,Male,f,f,f,f
PAT_1597,f,f,Unknown,Unknown,28,f,Male,f,f,f,f
PAT_160,f,t,Italy,Italy,78,f,Male,f,t,f,f
PAT_1600,f,f,Unknown,Unknown,69,f,Male,f,f,f,f
PAT_1603,f,f,Unknown,Unknown,12,f,Male,f,f,f,f
PAT_1605,f,f,Unknown,Unknown,81,f,Male,f,f,f,f
PAT_1608,f,f,Unknown,Unknown,46,f,Male,f,f,f,f
PAT_161,f,f,Germany,Germany,86,f,Male,f,t,f,f
PAT_1611,f,f,Unknown,Unknown,26,f,Male,f,f,f,f
PAT_1613,f,f,Unknown,Unknown,27,f,Male,f,f,f,f
PAT_1614,f,f,Unknown,Unknown,25,f,Male,f,f,f,f
PAT_1615,f,f,Unknown,Unknown,60,f,Male,f,f,f,f
PAT_1618,f,f,Unknown,Unknown,70,f,Male,f,f,f,f
PAT_1619,f,f,Unknown,Unknown,32,f,Male,f,f,f,f
PAT_1620,f,f,Unknown,Unknown,68,f,Male,f,f,f,f
PAT_1624,f,f,Unknown,Unknown,22,f,Male,f,f,f,f
PAT_1626,f,f,Unknown,Unknown,64,f,Male,f,f,f,f
PAT_163,f,f,Germany,Germany,51,t,Male,f,t,f,f
PAT_1631,f,f,Unknown,Unknown,63,f,Male,f,f,f,f
PAT_1633,f,f,Unknown,Unknown,51,f,Male,f,f,f,f
PAT_1636,f,f,Unknown,Unknown,50,f,Male,f,f,f,f
PAT_1638,f,f,Unknown,Unknown,59,f,Male,f,f,f,f
PAT_1639,f,f,Unknown,Unknown,31,f,Male,f,f,f,f
PAT_164,f,f,Netherlands,Netherlands,77,f,Male,t,t,f,f
PAT_1641,f,f,Unknown,Unknown,70,f,Male,f,f,f,f
PAT_1648,f,f,Unknown,Unknown,31,f,Male,f,f,f,f
PAT_1650,f,f,Unknown,Unknown,68,f,Male,f,f,f,f
PAT_1651,f,f,Unknown,Unknown,60,f,Male,f,f,f,f
PAT_1652,f,f,Unknown,Unknown,53,f,Male,f,f,f,f
PAT_1653,f,f,Unknown,Unknown,62,f,Male,f,f,f,f
PAT_1655,f,f,Unknown,Unknown,62,f,Male,f,f,f,f
PAT_1657,f,f,Unknown,Unknown,23,f,Male,f,f,f,f
PAT_1658,f,f,Unknown,Unknown,22,f,Male,f,f,f,f
PAT_166,f,t,Germany,Germany,59,f,Male,f,t,f,f
PAT_1661,f,f,Unknown,Unknown,56,f,Male,f,f,f,f
PAT_1665,f,f,Unknown,Unknown,69,f,Male,f,f,f,f
PAT_1666,f,f,Unknown,Unknown,61,f,Male,f,f,f,f
PAT_167,f,f,Germany,Germany,58,t,Male,t,t,f,f
PAT_1670,f,f,Unknown,Unknown,54,f,Male,f,f,f,f
PAT_1671,f,f,Unknown,Unknown,46,f,Male,f,f,f,f
PAT_1673,f,f,Unknown,Unknown,31,f,Male,f,f,f,f
PAT_168,t,t,Germany,Germany,51,t,Male,f,t,f,f
PAT_1680,f,f,Unknown,Unknown,42,f,Male,f,f,f,f
PAT_1682,f,f,Unknown,Unknown,48,f,Male,f,f,f,f
PAT_1688,f,f,Unknown,Unknown,68,f,Male,f,f,f,f
PAT_1689,f,f,Unknown,Unknown,42,f,Male,f,f,f,f
PAT_169,f,t,Netherlands,Germany,44,t,Male,f,f,f,f
PAT_1690,f,f,Unknown,Unknown,74,f,Male,f,f,f,f
PAT_1693,f,f,Unknown,Unknown,45,f,Male,f,f,f,f
PAT_1694,f,f,Unknown,Unknown,51,f,Male,f,f,f,f
PAT_1696,f,f,Unknown,Unknown,89,f,Male,f,f,f,f
PAT_1698,f,f,Unknown,Unknown,55,f,Male,f,f,f,f
PAT_1699,f,f,Unknown,Unknown,34,f,Male,f,f,f,f
PAT_170,f,f,Italy,Italy,60,t,Male,t,f,t,t
PAT_1701,f,f,Unknown,Unknown,75,f,Male,f,f,f,f
PAT_1702,f,f,Unknown,Unknown,57,f,Male,f,f,f,f
PAT_1704,f,f,Unknown,Unknown,65,f,Male,f,f,f,f
PAT_1705,f,f,Unknown,Unknown,71,f,Male,f,f,f,f
PAT_1706,f,f,Unknown,Unknown,73,f,Male,f,f,f,f
PAT_1707,f,f,Unknown,Unknown,75,f,Male,f,f,f,f
PAT_1708,f,f,Unknown,Unknown,73,f,Male,f,f,f,f
PAT_1709,f,f,Unknown,Unknown,63,f,Male,f,f,f,f
PAT_1710,f,f,Unknown,Unknown,64,f,Male,f,f,f,f
PAT_1712,f,f,Unknown,Unknown,66,f,Male,f,f,f,f
PAT_1713,f,f,Unknown,Unknown,65,f,Male,f,f,f,f
PAT_1714,f,f,Unknown,Unknown,41,f,Male,f,f,f,f
PAT_1715,f,f,Unknown,Unknown,67,f,Male,f,f,f,f
PAT_1718,f,f,Unknown,Unknown,35,f,Male,f,f,f,f
PAT_1719,f,f,Unknown,Unknown,83,f,Male,f,f,f,f
PAT_172,f,f,Germany,Germany,81,f,Male,f,t,t,t
PAT_1720,f,f,Unknown,Unknown,77,f,Male,f,f,f,f
PAT_1721,f,f,Unknown,Unknown,53,f,Male,f,f,f,f
PAT_1722,f,f,Unknown,Unknown,53,f,Male,f,f,f,f
PAT_1723,f,f,Unknown,Unknown,39,f,Male,f,f,f,f
PAT_1725,f,f,Unknown,Unknown,47,f,Male,f,f,f,f
PAT_1726,f,f,Unknown,Unknown,45,f,Male,f,f,f,f
PAT_1727,f,f,Unknown,Unknown,89,f,Male,f,f,f,f
PAT_1728,f,f,Unknown,Unknown,79,f,Male,f,f,f,f
PAT_1729,f,f,Unknown,Unknown,69,f,Male,f,f,f,f
PAT_1730,f,f,Unknown,Unknown,73,f,Male,f,f,f,f
PAT_1731,f,f,Unknown,Unknown,60,f,Male,f,f,f,f
PAT_1733,f,f,Unknown,Unknown,29,f,Male,f,f,f,f
PAT_1734,f,f,Unknown,Unknown,72,f,Male,f,f,f,f
PAT_1735,f,f,Unknown,Unknown,21,f,Male,f,f,f,f
PAT_1736,f,f,Unknown,Unknown,70,f,Male,f,f,f,f
PAT_1738,f,f,Unknown,Unknown,73,f,Male,f,f,f,f
PAT_1739,f,f,Unknown,Unknown,51,f,Male,f,f,f,f
PAT_1740,f,f,Unknown,Unknown,54,f,Male,f,f,f,f
PAT_1741,f,f,Unknown,Unknown,44,f,Male,f,f,f,f
PAT_1746,f,f,Unknown,Unknown,68,f,Male,f,f,f,f
PAT_1749,f,f,Unknown,Unknown,66,f,Male,f,f,f,f
PAT_1753,f,f,Unknown,Unknown,8,f,Male,f,f,f,f
PAT_1754,f,f,Unknown,Unknown,10,f,Male,f,f,f,f
PAT_1755,f,f,Unknown,Unknown,32,f,Male,f,f,f,f
PAT_1757,f,f,Unknown,Unknown,78,f,Male,f,f,f,f
PAT_176,f,f,Germany,Germany,73,f,Male,t,t,t,t
PAT_1760,f,f,Unknown,Unknown,46,f,Male,f,f,f,f
PAT_1761,f,f,Unknown,Unknown,70,f,Male,f,f,f,f
PAT_1762,f,f,Unknown,Unknown,62,f,Male,f,f,f,f
PAT_1764,f,f,Unknown,Unknown,73,f,Male,f,f,f,f
PAT_1765,f,f,Unknown,Unknown,79,f,Male,f,f,f,f
PAT_1767,f,f,Unknown,Unknown,59,f,Male,f,f,f,f
PAT_1769,f,f,Unknown,Unknown,77,f,Male,f,f,f,f
PAT_177,f,f,Germany,Germany,51,f,Male,f,t,t,t
PAT_1770,f,f,Unknown,Unknown,33,f,Male,f,f,f,f
PAT_1772,f,f,Unknown,Unknown,50,f,Male,f,f,f,f
PAT_1774,f,f,Unknown,Unknown,67,f,Male,f,f,f,f
PAT_1777,f,f,Unknown,Unknown,67,f,Male,f,f,f,f
PAT_1780,f,f,Unknown,Unknown,61,f,Male,f,f,f,f
PAT_1783,f,f,Unknown,Unknown,75,f,Male,f,f,f,f
PAT_1784,f,f,Unknown,Unknown,25,f,Male,f,f,f,f
PAT_1786,f,f,Unknown,Unknown,51,f,Male,f,f,f,f
PAT_1787,f,f,Unknown,Unknown,43,f,Male,f,f,f,f
PAT_179,f,f,Pomerania,Pomerania,64,t,Male,t,f,t,t
PAT_1790,f,f,Unknown,Unknown,67,f,Male,f,f,f,f
PAT_1794,f,f,Unknown,Unknown,67,f,Male,f,f,f,f
PAT_1798,f,f,Unknown,Unknown,68,f,Male,f,f,f,f
PAT_1799,f,f,Unknown,Unknown,54,f,Male,f,f,f,f
PAT_180,f,t,Germany,Germany,54,f,Male,f,t,f,f
PAT_1800,f,f,Unknown,Unknown,38,f,Male,f,f,f,f
PAT_1801,f,f,Unknown,Unknown,56,f,Male,f,f,f,f
PAT_1803,f,f,Unknown,Unknown,26,f,Male,f,f,f,f
PAT_1804,f,f,Unknown,Unknown,57,f,Male,f,f,f,f
PAT_1805,f,f,Unknown,Unknown,55,f,Male,f,f,f,f
PAT_1807,f,f,Unknown,Unknown,51,f,Male,f,f,f,f
PAT_181,f,f,Unknown,Unknown,59,f,Male,t,f,f,f
PAT_1810,f,f,Unknown,Unknown,44,f,Male,f,f,f,f
PAT_1811,f,f,Unknown,Unknown,34,f,Male,f,f,f,f
PAT_1812,f,f,Unknown,Unknown,54,f,Male,f,f,f,f
PAT_1813,f,f,Unknown,Unknown,81,f,Male,f,f,f,f
PAT_1814,f,f,Unknown,Unknown,87,f,Male,f,f,f,f
PAT_1818,f,f,Unknown,Unknown,60,f,Male,f,f,f,f
PAT_1819,f,f,Unknown,Unknown,48,f,Male,f,f,f,f
PAT_1821,f,f,Unknown,Unknown,79,f,Male,f,f,f,f
PAT_1822,f,f,Unknown,Unknown,77,f,Male,f,f,f,f
PAT_1826,f,f,Unknown,Unknown,53,f,Male,f,f,f,f
PAT_1832,f,f,Unknown,Unknown,65,f,Male,f,f,f,f
PAT_1833,f,f,Unknown,Unknown,44,f,Male,f,f,f,f
PAT_1837,f,f,Unknown,Unknown,45,f,Male,f,f,f,f
PAT_1838,f,f,Unknown,Unknown,47,f,Male,f,f,f,f
PAT_184,f,f,Italy,Italy,71,f,Male,f,f,t,t
PAT_1840,f,f,Unknown,Unknown,48,f,Male,f,f,f,f
PAT_1842,f,f,Unknown,Unknown,17,f,Male,f,f,f,f
PAT_1844,f,f,Unknown,Unknown,68,f,Male,f,f,f,f
PAT_1846,f,f,Unknown,Unknown,48,f,Male,f,f,f,f
PAT_1849,f,f,Unknown,Unknown,45,f,Male,f,f,f,f
PAT_185,f,t,Germany,Germany,62,f,Male,f,t,t,f
PAT_1850,f,f,Unknown,Unknown,76,f,Male,f,f,f,f
PAT_1854,f,f,Unknown,Unknown,74,f,Male,f,f,f,f
PAT_1855,f,f,Unknown,Unknown,70,f,Male,f,f,f,f
PAT_1861,f,f,Unknown,Unknown,72,f,Male,f,f,f,f
PAT_1866,f,f,Unknown,Unknown,77,f,Male,f,f,f,f
PAT_1869,f,f,Unknown,Unknown,54,f,Male,f,f,f,f
PAT_1871,f,f,Unknown,Unknown,46,f,Male,f,f,f,f
PAT_1874,f,f,Unknown,Unknown,38,f,Male,f,f,f,f
PAT_1875,f,f,Unknown,Unknown,54,f,Male,f,f,f,f
PAT_188,f,f,Brazil,Brazil,57,f,Male,t,f,t,t
PAT_1881,f,f,Unknown,Unknown,44,f,Male,f,f,f,f
PAT_1882,f,f,Unknown,Unknown,58,f,Male,f,f,f,f
PAT_1884,f,f,Unknown,Unknown,80,f,Male,f,f,f,f
PAT_1892,f,f,Unknown,Unknown,39,f,Male,f,f,f,f
PAT_1893,f,f,Unknown,Unknown,61,f,Male,f,f,f,f
PAT_1899,f,f,Unknown,Unknown,80,f,Male,f,f,f,f
PAT_190,f,f,Pomerania,Pomerania,61,t,Male,f,t,t,f
PAT_1902,f,f,Unknown,Unknown,66,f,Male,f,f,f,f
PAT_1903,f,f,Unknown,Unknown,23,f,Male,f,f,f,f
PAT_1904,f,f,Unknown,Unknown,26,f,Male,f,f,f,f
PAT_1906,f,f,Unknown,Unknown,50,f,Male,f,f,f,f
PAT_1907,f,f,Unknown,Unknown,10,f,Male,f,f,f,f
PAT_191,t,f,Pomerania,Pomerania,85,f,Male,f,t,t,t
PAT_1913,f,f,Unknown,Unknown,39,f,Male,f,f,f,f
PAT_1914,f,f,Unknown,Unknown,56,f,Male,f,f,f,f
PAT_1918,f,f,Unknown,Unknown,63,f,Male,f,f,f,f
PAT_192,f,f,Italy,Italy,74,t,Male,f,f,t,t
PAT_1922,f,f,Unknown,Unknown,67,f,Male,f,f,f,f
PAT_1926,f,f,Unknown,Unknown,78,f,Male,f,f,f,f
PAT_1928,f,f,Unknown,Unknown,37,f,Male,f,f,f,f
PAT_1931,f,f,Unknown,Unknown,53,f,Male,f,f,f,f
PAT_1933,f,f,Unknown,Unknown,53,f,Male,f,f,f,f
PAT_1934,f,f,Unknown,Unknown,39,f,Male,f,f,f,f
PAT_1937,f,f,Unknown,Unknown,62,f,Male,f,f,f,f
PAT_1940,f,f,Unknown,Unknown,31,f,Male,f,f,f,f
PAT_1942,f,f,Unknown,Unknown,55,f,Male,f,f,f,f
PAT_1944,f,f,Unknown,Unknown,42,f,Male,f,f,f,f
PAT_1945,f,f,Unknown,Unknown,56,f,Male,f,f,f,f
PAT_1946,f,f,Unknown,Unknown,73,f,Male,f,f,f,f
PAT_1947,f,f,Unknown,Unknown,39,f,Male,f,f,f,f
PAT_1950,f,f,Unknown,Unknown,68,f,Male,f,f,f,f
PAT_1951,f,f,Unknown,Unknown,79,f,Male,f,f,f,f
PAT_1955,f,f,Unknown,Unknown,58,f,Male,f,f,f,f
PAT_1956,f,f,Unknown,Unknown,60,f,Male,f,f,f,f
PAT_1960,f,f,Unknown,Unknown,34,f,Male,f,f,f,f
PAT_1967,f,f,Unknown,Unknown,75,f,Male,f,f,f,f
PAT_1969,f,f,Unknown,Unknown,62,f,Male,f,f,f,f
PAT_197,f,f,Brazil,Italy,79,f,Male,f,t,t,t
PAT_1971,f,f,Unknown,Unknown,76,f,Male,f,f,f,f
PAT_1975,f,f,Unknown,Unknown,66,f,Male,f,f,f,f
PAT_1976,f,f,Unknown,Unknown,53,f,Male,f,f,f,f
PAT_1978,f,f,Unknown,Unknown,75,f,Male,f,f,f,f
PAT_198,f,f,Germany,Germany,53,f,Male,t,t,t,t
PAT_1980,f,f,Unknown,Unknown,65,f,Male,f,f,f,f
PAT_1981,f,f,Unknown,Unknown,79,f,Male,f,f,f,f
PAT_1983,f,f,Unknown,Unknown,83,f,Male,f,f,f,f
PAT_1984,f,f,Unknown,Unknown,22,f,Male,f,f,f,f
PAT_1988,f,f,Unknown,Unknown,45,f,Male,f,f,f,f
PAT_1989,f,f,Unknown,Unknown,75,f,Male,f,f,f,f
PAT_1993,f,f,Unknown,Unknown,47,f,Male,f,f,f,f
PAT_1995,f,f,Unknown,Unknown,68,f,Male,f,f,f,f
PAT_1998,f,f,Unknown,Unknown,69,f,Male,f,f,f,f
PAT_200,f,f,Portugal,Portugal,80,f,Male,f,t,t,t
PAT_2003,f,f,Unknown,Unknown,46,f,Male,f,f,f,f
PAT_2006,f,f,Unknown,Unknown,17,f,Male,f,f,f,f
PAT_2008,f,f,Unknown,Unknown,50,f,Male,f,f,f,f
PAT_2009,f,f,Unknown,Unknown,80,f,Male,f,f,f,f
PAT_201,f,t,Pomerania,Pomerania,60,t,Male,f,t,f,f
PAT_2010,f,f,Unknown,Unknown,39,f,Male,f,f,f,f
PAT_2011,f,f,Unknown,Unknown,50,f,Male,f,f,f,f
PAT_2013,f,f,Unknown,Unknown,29,f,Male,f,f,f,f
PAT_2016,f,f,Unknown,Unknown,67,f,Male,f,f,f,f
PAT_2017,f,f,Unknown,Unknown,17,f,Male,f,f,f,f
PAT_2018,f,f,Unknown,Unknown,68,f,Male,f,f,f,f
PAT_2020,f,f,Unknown,Unknown,74,f,Female,f,f,f,f
PAT_2021,f,f,Unknown,Unknown,39,f,Female,f,f,f,f
PAT_2022,f,f,Unknown,Unknown,55,f,Female,f,f,f,f
PAT_2024,f,f,Unknown,Unknown,73,f,Female,f,f,f,f
PAT_2025,f,f,Unknown,Unknown,63,f,Female,f,f,f,f
PAT_2026,f,f,Unknown,Unknown,77,f,Female,f,f,f,f
PAT_2030,f,f,Unknown,Unknown,65,f,Female,f,f,f,f
PAT_2034,f,f,Unknown,Unknown,65,f,Female,f,f,f,f
PAT_2036,f,f,Unknown,Unknown,72,f,Female,f,f,f,f
PAT_2039,f,f,Unknown,Unknown,58,f,Female,f,f,f,f
PAT_2041,f,f,Unknown,Unknown,67,f,Female,f,f,f,f
PAT_2042,f,f,Unknown,Unknown,54,f,Female,f,f,f,f
PAT_2043,f,f,Unknown,Unknown,72,f,Male,f,f,f,f
PAT_2046,f,f,Unknown,Unknown,74,f,Male,f,f,f,f
PAT_2048,f,f,Unknown,Unknown,86,f,Male,f,f,f,f
PAT_2049,f,f,Unknown,Unknown,51,f,Male,f,f,f,f
PAT_2050,f,f,Unknown,Unknown,71,f,Male,f,f,f,f
PAT_2051,f,f,Unknown,Unknown,58,f,Male,f,f,f,f
PAT_2053,f,f,Unknown,Unknown,78,f,Male,f,f,f,f
PAT_2056,f,f,Unknown,Unknown,79,f,Male,f,f,f,f
PAT_206,f,t,Germany,Germany,47,t,Male,f,t,t,t
PAT_2061,f,f,Unknown,Unknown,69,f,Male,f,f,f,f
PAT_2062,f,f,Unknown,Unknown,22,f,Male,f,f,f,f
PAT_2065,f,f,Unknown,Unknown,88,f,Male,f,f,f,f
PAT_2066,f,f,Unknown,Unknown,53,f,Male,f,f,f,f
PAT_2068,f,f,Unknown,Unknown,73,f,Male,f,f,f,f
PAT_207,t,f,Portugal,Portugal,80,t,Male,f,f,t,t
PAT_2070,f,f,Unknown,Unknown,58,f,Male,f,f,f,f
PAT_2071,f,f,Unknown,Unknown,57,f,Male,f,f,f,f
PAT_2076,f,f,Unknown,Unknown,66,f,Male,f,f,f,f
PAT_2077,f,f,Unknown,Unknown,43,f,Male,f,f,f,f
PAT_2079,f,f,Unknown,Unknown,61,f,Male,f,f,f,f
PAT_208,f,f,Germany,Germany,66,f,Male,f,t,f,f
PAT_2080,f,f,Unknown,Unknown,13,f,Male,f,f,f,f
PAT_2081,f,f,Unknown,Unknown,61,f,Male,f,f,f,f
PAT_2082,f,f,Unknown,Unknown,46,f,Male,f,f,f,f
PAT_2085,f,f,Unknown,Unknown,63,f,Male,f,f,f,f
PAT_2088,f,f,Unknown,Unknown,9,f,Male,f,f,f,f
PAT_2089,f,f,Unknown,Unknown,68,f,Male,f,f,f,f
PAT_2090,f,f,Unknown,Unknown,60,f,Male,f,f,f,f
PAT_2092,f,f,Unknown,Unknown,68,f,Male,f,f,f,f
PAT_2093,f,f,Unknown,Unknown,81,f,Male,f,f,f,f
PAT_2097,f,f,Unknown,Unknown,37,f,Male,f,f,f,f
PAT_2098,f,f,Unknown,Unknown,67,f,Male,f,f,f,f
PAT_2099,f,f,Unknown,Unknown,27,f,Male,f,f,f,f
PAT_210,f,t,Germany,Portugal,38,t,Male,f,t,t,t
PAT_2102,f,f,Unknown,Unknown,66,f,Male,f,f,f,f
PAT_2103,f,f,Unknown,Unknown,18,f,Male,f,f,f,f
PAT_2105,f,f,Unknown,Unknown,55,f,Male,f,f,f,f
PAT_2106,f,f,Unknown,Unknown,60,f,Male,f,f,f,f
PAT_2107,f,f,Unknown,Unknown,69,f,Male,f,f,f,f
PAT_2108,f,f,Unknown,Unknown,65,f,Male,f,f,f,f
PAT_2109,f,f,Unknown,Unknown,55,f,Male,f,f,f,f
PAT_211,f,f,Germany,Germany,72,f,Male,t,f,f,f
PAT_2113,f,f,Unknown,Unknown,62,f,Male,f,f,f,f
PAT_2114,f,f,Unknown,Unknown,70,f,Male,f,f,f,f
PAT_2115,f,f,Unknown,Unknown,33,f,Male,f,f,f,f
PAT_2116,f,f,Unknown,Unknown,43,f,Male,f,f,f,f
PAT_2119,f,f,Unknown,Unknown,58,f,Male,f,f,f,f
PAT_212,t,f,Brazil,Brazil,70,f,Male,f,t,f,f
PAT_2122,f,f,Unknown,Unknown,62,f,Male,f,f,f,f
PAT_2123,f,f,Unknown,Unknown,81,f,Male,f,f,f,f
PAT_2124,f,f,Unknown,Unknown,64,f,Male,f,f,f,f
PAT_2125,f,f,Unknown,Unknown,10,f,Male,f,f,f,f
PAT_2126,f,f,Unknown,Unknown,45,f,Male,f,f,f,f
PAT_2127,f,f,Unknown,Unknown,44,f,Male,f,f,f,f
PAT_2128,f,f,Unknown,Unknown,53,f,Male,f,f,f,f
PAT_2129,f,f,Unknown,Unknown,47,f,Male,f,f,f,f
PAT_2131,f,f,Unknown,Unknown,69,f,Male,f,f,f,f
PAT_2140,f,f,Unknown,Unknown,45,f,Male,f,f,f,f
PAT_2142,f,f,Unknown,Unknown,41,f,Male,f,f,f,f
PAT_2143,f,f,Unknown,Unknown,82,f,Male,f,f,f,f
PAT_2144,f,f,Unknown,Unknown,35,f,Male,f,f,f,f
PAT_215,f,f,Germany,Germany,91,t,Male,f,t,t,t
PAT_2150,f,f,Unknown,Unknown,40,f,Male,f,f,f,f
PAT_2151,f,f,Unknown,Unknown,69,f,Male,f,f,f,f
PAT_2152,f,f,Unknown,Unknown,59,f,Male,f,f,f,f
PAT_2153,f,f,Unknown,Unknown,66,f,Male,f,f,f,f
PAT_2154,f,f,Unknown,Unknown,45,f,Male,f,f,f,f
PAT_2155,f,f,Unknown,Unknown,39,f,Male,f,f,f,f
PAT_2157,f,f,Unknown,Unknown,60,f,Male,f,f,f,f
PAT_2159,f,f,Unknown,Unknown,35,f,Male,f,f,f,f
PAT_566,f,f,Italy,Brazil,54,f,Male,f,f,t,t
PAT_216,t,t,Pomerania,Pomerania,71,t,Male,f,f,f,f
PAT_774,f,t,Italy,Italy,45,t,Male,t,t,t,t
PAT_2160,f,f,Unknown,Unknown,76,f,Male,f,f,f,f
PAT_2161,f,f,Unknown,Unknown,6,f,Male,f,f,f,f
PAT_2162,f,f,Unknown,Unknown,32,f,Male,f,f,f,f
PAT_221,f,f,Pomerania,Pomerania,66,f,Female,t,t,f,f
PAT_223,f,f,Germany,Brazil,73,f,Female,t,t,t,t
PAT_224,t,f,Germany,Pomerania,71,t,Male,f,t,f,f
PAT_225,t,f,Portugal,Spain,68,f,Male,f,t,t,t
PAT_227,f,f,Germany,Germany,82,t,Male,f,t,t,t
PAT_229,f,t,Pomerania,Pomerania,74,f,Male,t,t,f,f
PAT_230,f,f,Pomerania,Pomerania,73,f,Female,f,f,f,f
PAT_233,f,f,Pomerania,Pomerania,58,t,Female,t,t,f,f
PAT_236,f,t,Pomerania,Pomerania,55,t,Male,t,t,f,f
PAT_237,f,f,Pomerania,Pomerania,77,f,Male,t,f,f,f
PAT_238,f,f,Pomerania,Pomerania,81,f,Female,f,f,f,f
PAT_241,f,f,Germany,Germany,83,t,Male,f,t,f,f
PAT_243,f,f,Pomerania,Pomerania,26,t,Female,t,t,f,f
PAT_245,f,t,Brazil,Germany,71,f,Male,f,t,t,t
PAT_246,f,t,Pomerania,Pomerania,33,t,Male,t,t,t,t
PAT_248,f,f,Germany,Pomerania,42,f,Female,t,t,t,t
PAT_249,f,f,Germany,Germany,62,f,Male,f,t,t,t
PAT_251,f,f,Italy,Italy,91,f,Female,f,t,f,f
PAT_252,f,f,Italy,Italy,75,f,Female,f,t,f,f
PAT_253,f,t,Austria,Germany,47,t,Male,t,t,f,f
PAT_255,f,f,Germany,Germany,68,t,Male,f,t,f,f
PAT_256,f,f,Pomerania,Pomerania,90,f,Female,t,t,t,t
PAT_258,f,f,Germany,Pomerania,62,t,Male,f,f,f,f
PAT_259,f,f,Pomerania,Pomerania,92,f,Female,f,t,f,f
PAT_260,f,f,Pomerania,Pomerania,78,t,Female,t,t,f,f
PAT_262,f,f,Germany,Germany,41,t,Female,f,f,f,f
PAT_263,f,f,Pomerania,Pomerania,83,f,Male,f,t,f,f
PAT_265,f,f,Pomerania,Pomerania,44,t,Male,t,f,f,f
PAT_267,f,f,Pomerania,Pomerania,79,f,Male,f,f,f,f
PAT_269,f,t,Pomerania,Pomerania,58,t,Male,f,f,f,f
PAT_270,f,f,Pomerania,Pomerania,90,f,Female,f,t,f,f
PAT_271,f,f,Germany,Germany,79,f,Female,f,t,t,t
PAT_272,f,f,Pomerania,Pomerania,83,f,Female,f,f,f,f
PAT_274,f,f,Pomerania,Pomerania,84,f,Female,f,t,f,f
PAT_275,f,f,Pomerania,Pomerania,71,f,Female,f,f,t,t
PAT_276,f,f,Pomerania,Pomerania,52,t,Female,t,f,f,f
PAT_277,f,f,Pomerania,Pomerania,65,f,Female,t,t,f,f
PAT_279,f,t,Pomerania,Pomerania,51,t,Male,f,t,f,f
PAT_280,f,f,Pomerania,Pomerania,53,t,Male,t,f,f,f
PAT_281,f,f,Pomerania,Pomerania,61,f,Male,t,f,f,f
PAT_282,f,t,Pomerania,Pomerania,55,t,Male,f,f,f,f
PAT_286,f,f,Pomerania,Pomerania,55,t,Female,t,f,f,f
PAT_287,f,f,Pomerania,Pomerania,70,t,Female,t,t,t,t
PAT_288,f,f,Pomerania,Pomerania,57,t,Female,t,t,f,f
PAT_289,t,f,Pomerania,Pomerania,56,t,Male,f,t,f,f
PAT_290,f,t,Pomerania,Pomerania,54,t,Male,t,t,f,f
PAT_291,f,t,Brazil,Italy,58,f,Male,t,f,f,f
PAT_294,f,f,Brazil,Brazil,78,t,Male,f,t,t,t
PAT_296,f,f,Italy,Italy,68,f,Female,t,t,t,t
PAT_297,f,f,Italy,Italy,62,f,Female,t,t,t,t
PAT_300,t,f,Germany,Germany,62,f,Female,t,t,f,f
PAT_302,t,f,Germany,Germany,64,t,Male,t,t,t,t
PAT_303,t,t,Italy,Italy,64,t,Male,f,f,t,t
PAT_304,f,f,Brazil,Germany,81,f,Male,f,t,t,t
PAT_305,f,f,Italy,Italy,79,f,Male,f,f,t,t
PAT_306,f,f,Italy,Italy,87,t,Male,f,f,t,t
PAT_307,f,f,Italy,Italy,77,f,Female,f,f,f,f
PAT_311,t,f,Italy,Germany,66,f,Female,f,t,t,t
PAT_313,f,f,Germany,Germany,85,t,Female,t,t,t,t
PAT_314,f,t,Germany,Germany,73,t,Male,f,f,t,t
PAT_315,f,f,Pomerania,Germany,22,t,Female,t,f,f,f
PAT_316,f,f,Germany,Germany,79,f,Female,t,f,f,t
PAT_318,f,t,Pomerania,Pomerania,60,f,Female,t,f,f,f
PAT_319,t,f,Germany,Germany,62,f,Female,t,t,t,t
PAT_320,f,t,Italy,Germany,70,t,Male,f,f,f,f
PAT_321,f,f,Germany,Germany,85,f,Female,f,t,f,f
PAT_325,f,f,Italy,Italy,55,f,Female,f,t,t,t
PAT_326,f,f,Pomerania,Pomerania,58,t,Female,t,t,f,f
PAT_328,f,f,Unknown,Italy,81,f,Male,f,f,t,t
PAT_330,f,f,Italy,Italy,71,f,Male,f,f,t,t
PAT_333,f,f,Italy,Germany,51,f,Female,t,t,t,t
PAT_334,f,t,Italy,Italy,31,t,Male,f,f,f,f
PAT_336,f,f,Italy,Italy,60,f,Female,f,t,f,f
PAT_337,f,f,Germany,Germany,50,t,Male,t,t,f,f
PAT_338,f,f,Germany,Germany,81,f,Female,t,f,t,t
PAT_340,f,t,Italy,Italy,54,f,Female,f,t,t,t
PAT_341,f,t,Brazil,Brazil,27,f,Female,f,t,f,f
PAT_346,f,t,Germany,Germany,63,f,Male,t,t,t,t
PAT_351,f,t,Germany,Germany,54,t,Male,t,t,t,t
PAT_354,f,f,Germany,Italy,65,f,Male,t,t,t,t
PAT_355,f,f,Pomerania,Pomerania,80,f,Male,f,f,t,t
PAT_357,f,f,Germany,Germany,71,f,Male,f,t,f,f
PAT_358,f,t,Pomerania,Pomerania,60,t,Male,t,f,f,f
PAT_359,f,f,Italy,Italy,54,f,Female,t,t,t,t
PAT_360,t,t,Italy,Italy,68,f,Male,t,t,f,f
PAT_361,f,f,Pomerania,Pomerania,71,t,Male,t,f,f,f
PAT_362,t,t,Italy,Italy,83,f,Male,t,f,f,f
PAT_364,t,f,Germany,Portugal,66,f,Female,t,f,f,f
PAT_365,f,t,Germany,Germany,70,f,Male,f,t,t,t
PAT_366,f,f,Germany,Italy,71,t,Male,t,t,f,f
PAT_368,f,f,Pomerania,Pomerania,50,t,Male,f,t,f,f
PAT_369,f,f,Germany,Poland,77,f,Female,f,t,f,f
PAT_370,t,t,Germany,Germany,62,t,Male,t,t,f,f
PAT_372,f,f,Germany,Germany,88,f,Female,t,t,f,f
PAT_373,f,f,Brazil,Germany,80,f,Male,f,t,t,t
PAT_374,f,f,Germany,Germany,77,f,Female,f,t,t,t
PAT_375,f,t,Italy,Italy,52,t,Male,t,t,f,f
PAT_378,t,t,Brazil,Brazil,71,f,Male,f,t,f,f
PAT_379,f,f,Pomerania,Pomerania,60,t,Male,f,t,f,f
PAT_38,f,f,Germany,Germany,52,t,Male,t,t,t,f
PAT_380,f,f,Netherlands,Germany,60,t,Male,f,t,t,t
PAT_381,f,t,Germany,Germany,59,t,Male,f,f,f,f
PAT_384,f,f,Pomerania,Pomerania,59,t,Female,f,f,f,f
PAT_385,f,f,Pomerania,Pomerania,39,t,Female,t,t,f,f
PAT_386,t,f,Pomerania,Pomerania,67,f,Male,t,f,t,t
PAT_387,f,f,Brazil,Italy,57,t,Male,f,t,f,f
PAT_388,f,f,Italy,Italy,51,f,Female,t,f,f,f
PAT_389,f,f,Pomerania,Germany,58,t,Female,t,t,f,f
PAT_392,f,t,Italy,Italy,48,t,Male,t,t,f,f
PAT_393,f,f,Brazil,Brazil,57,f,Female,f,t,t,t
PAT_394,f,t,Poland,Italy,75,f,Male,t,t,t,t
PAT_396,f,t,Portugal,Italy,76,f,Female,f,f,f,f
PAT_397,f,t,Germany,Germany,59,t,Male,t,f,f,f
PAT_40,f,f,Germany,Germany,43,f,Female,t,f,f,f
PAT_401,f,f,Italy,Italy,80,f,Female,f,f,t,t
PAT_404,f,f,Germany,Germany,66,f,Female,t,t,f,f
PAT_406,f,f,Germany,Netherlands,62,t,Male,t,f,f,f
PAT_408,f,t,Pomerania,Pomerania,62,t,Male,t,f,t,t
PAT_409,f,f,Italy,Italy,46,t,Female,f,t,f,f
PAT_411,f,t,Pomerania,Pomerania,59,t,Male,t,t,f,f
PAT_412,f,f,Pomerania,Pomerania,46,t,Male,f,t,f,t
PAT_413,f,t,Italy,Pomerania,58,f,Male,t,t,t,t
PAT_416,f,f,Germany,Germany,84,f,Male,t,t,f,f
PAT_417,f,f,Italy,Italy,27,t,Male,f,t,f,f
PAT_419,f,f,Pomerania,Pomerania,80,f,Female,t,f,f,f
PAT_422,f,t,Italy,Germany,64,t,Male,f,f,f,f
PAT_423,f,f,Pomerania,Pomerania,71,f,Female,f,t,f,f
PAT_430,f,f,Germany,Germany,75,f,Female,t,t,t,t
PAT_432,f,f,Germany,Germany,55,f,Female,f,t,f,f
PAT_437,t,f,Germany,Germany,63,f,Male,t,t,f,f
PAT_441,f,f,Germany,Germany,55,f,Female,t,t,f,f
PAT_442,f,f,Germany,Germany,56,f,Female,f,t,f,f
PAT_445,f,f,Italy,Pomerania,61,f,Female,f,t,f,f
PAT_447,f,f,Pomerania,Pomerania,62,f,Female,t,f,f,f
PAT_451,f,f,Germany,Germany,64,t,Female,t,f,f,f
PAT_452,f,f,Italy,Italy,73,t,Female,t,t,t,t
PAT_453,f,f,Germany,Germany,63,t,Male,t,f,f,f
PAT_454,t,f,Pomerania,Pomerania,54,t,Female,t,f,f,f
PAT_456,f,f,Germany,Germany,53,t,Female,t,t,f,f
PAT_457,f,f,Pomerania,Pomerania,77,f,Female,f,f,f,f
PAT_458,f,t,Pomerania,Pomerania,80,f,Male,t,f,f,f
PAT_459,f,t,Germany,Germany,84,f,Male,f,f,t,t
PAT_46,f,f,Pomerania,Pomerania,55,f,Female,t,t,t,t
PAT_460,f,f,Pomerania,Pomerania,73,f,Female,t,f,f,f
PAT_461,f,f,Pomerania,Pomerania,41,f,Female,t,f,f,f
PAT_463,f,f,Pomerania,Pomerania,67,f,Female,t,t,t,t
PAT_464,f,f,Germany,Germany,75,t,Female,t,t,f,f
PAT_465,f,f,Pomerania,Pomerania,14,f,Female,t,f,f,f
PAT_466,f,f,Pomerania,Pomerania,44,t,Female,f,f,f,f
PAT_467,f,f,Pomerania,Pomerania,46,t,Female,f,f,t,f
PAT_473,f,t,Pomerania,Pomerania,33,t,Male,f,t,f,f
PAT_474,f,t,Germany,Germany,38,t,Female,f,t,f,f
PAT_475,f,f,Germany,Germany,52,f,Female,t,f,t,t
PAT_478,f,t,Pomerania,Pomerania,47,t,Male,f,f,f,f
PAT_479,f,f,Pomerania,Pomerania,48,t,Male,t,f,f,f
PAT_48,f,f,Brazil,Brazil,73,f,Female,f,t,t,t
PAT_480,f,t,Pomerania,Pomerania,47,t,Male,t,t,f,f
PAT_481,f,f,Pomerania,Pomerania,54,f,Female,f,t,f,f
PAT_483,f,f,Pomerania,Pomerania,85,t,Female,f,t,t,f
PAT_484,f,t,Pomerania,Pomerania,55,t,Female,f,f,f,f
PAT_486,f,t,Pomerania,Pomerania,57,t,Male,f,t,t,t
PAT_490,f,f,Pomerania,Pomerania,45,t,Male,t,f,f,f
PAT_492,f,t,Pomerania,Pomerania,70,f,Male,f,f,f,f
PAT_493,f,t,Pomerania,Pomerania,46,t,Male,t,f,f,f
PAT_498,f,t,Pomerania,Pomerania,60,t,Female,t,f,f,f
PAT_50,f,f,Germany,Brazil,81,f,Female,t,f,t,t
PAT_500,f,f,Germany,Brazil,67,f,Female,f,f,t,t
PAT_503,f,t,Pomerania,Pomerania,88,t,Male,t,t,t,t
PAT_505,f,f,Brazil,Brazil,71,f,Female,f,t,t,t
PAT_507,f,f,Brazil,Germany,69,f,Female,t,t,t,t
PAT_51,f,f,Brazil,Italy,79,f,Male,f,t,t,t
PAT_510,f,f,Germany,Germany,62,t,Male,t,t,t,t
PAT_513,t,f,Brazil,Brazil,67,t,Male,f,t,t,t
PAT_514,t,t,Germany,Germany,64,t,Male,t,t,t,t
PAT_516,f,f,Brazil,Brazil,85,f,Female,f,t,t,t
PAT_521,f,f,Germany,Germany,32,t,Male,t,f,t,t
PAT_522,f,f,Italy,Italy,53,f,Male,f,f,t,t
PAT_523,t,f,Germany,Germany,52,f,Female,f,t,t,t
PAT_526,f,t,Italy,Germany,59,t,Male,f,t,f,t
PAT_528,f,f,Germany,Germany,75,f,Female,f,f,t,t
PAT_529,t,t,Germany,Germany,75,t,Male,t,f,t,t
PAT_53,f,f,Brazil,Brazil,80,f,Male,f,t,t,f
PAT_531,f,f,Italy,Italy,62,t,Male,f,t,t,t
PAT_532,f,f,Germany,Germany,83,f,Female,f,t,t,t
PAT_534,t,f,Italy,Italy,55,t,Male,f,f,t,t
PAT_536,f,f,Germany,Germany,52,f,Female,f,f,t,t
PAT_537,t,t,Brazil,Brazil,62,t,Male,f,f,t,t
PAT_539,t,t,Italy,Italy,65,t,Male,t,t,t,t
PAT_540,t,t,Germany,Netherlands,70,t,Female,t,t,t,t
PAT_541,t,t,Italy,Germany,69,f,Male,f,f,t,t
PAT_544,f,f,Unknown,Unknown,87,f,Female,f,f,f,f
PAT_547,f,f,Germany,Germany,56,t,Female,t,f,t,t
PAT_549,f,f,Brazil,Brazil,85,f,Male,f,f,t,f
PAT_55,f,f,Germany,Germany,66,f,Female,f,t,t,t
PAT_551,f,t,Germany,Netherlands,66,t,Male,f,t,t,f
PAT_554,f,f,Germany,Germany,62,t,Female,t,f,t,t
PAT_558,f,f,Germany,Germany,57,t,Female,f,t,t,t
PAT_559,t,f,Pomerania,Pomerania,54,t,Male,f,f,t,t
PAT_56,f,f,Germany,Germany,70,f,Female,f,t,t,t
PAT_561,f,t,Brazil,Brazil,39,t,Male,f,t,t,f
PAT_562,t,t,Pomerania,Pomerania,58,t,Male,f,t,t,t
PAT_564,t,f,Brazil,Brazil,73,f,Female,f,f,t,f
PAT_565,t,t,Pomerania,Pomerania,51,t,Male,f,f,t,f
PAT_57,f,f,Brazil,Brazil,75,f,Female,f,f,t,t
PAT_570,f,f,Pomerania,Pomerania,43,t,Male,f,f,t,t
PAT_571,f,f,Pomerania,Pomerania,47,f,Female,f,t,f,f
PAT_572,f,f,Pomerania,Pomerania,39,f,Female,f,f,t,t
PAT_573,f,f,Pomerania,Pomerania,51,t,Female,t,f,f,f
PAT_575,f,f,Germany,Germany,80,f,Female,t,f,t,t
PAT_579,f,f,Germany,Pomerania,45,t,Male,t,t,t,t
PAT_58,f,t,Pomerania,Pomerania,63,f,Male,f,f,f,f
PAT_580,f,f,Germany,Germany,57,f,Female,t,f,t,t
PAT_581,f,f,Pomerania,Pomerania,58,f,Female,f,f,t,f
PAT_583,f,f,Pomerania,Netherlands,43,t,Male,f,f,f,f
PAT_585,t,t,Pomerania,Pomerania,59,f,Male,f,f,f,f
PAT_587,f,t,Germany,Italy,67,t,Male,f,f,t,t
PAT_59,t,f,Brazil,Brazil,72,f,Female,f,f,t,f
PAT_590,f,f,Brazil,Brazil,57,t,Female,f,f,t,t
PAT_595,f,t,Germany,Germany,76,t,Male,f,f,t,t
PAT_596,f,f,Germany,Netherlands,64,t,Male,f,t,t,t
PAT_598,f,f,Pomerania,Pomerania,88,f,Female,f,t,t,t
PAT_599,f,f,Pomerania,Pomerania,82,t,Female,t,f,t,t
PAT_600,t,f,Italy,Italy,83,f,Female,f,t,t,t
PAT_601,t,f,Italy,Portugal,84,t,Female,f,f,t,t
PAT_609,t,t,Pomerania,Pomerania,61,t,Male,f,f,f,f
PAT_61,t,f,Italy,Italy,50,f,Female,f,t,t,t
PAT_613,f,f,Italy,Italy,75,f,Female,t,f,t,t
PAT_618,f,t,Italy,Italy,70,f,Male,t,t,t,t
PAT_619,f,f,Brazil,Germany,58,f,Male,t,t,t,t
PAT_62,f,f,Pomerania,Pomerania,55,t,Female,t,f,t,f
PAT_625,f,f,Germany,Germany,64,f,Female,t,f,t,t
PAT_627,f,f,Pomerania,Pomerania,32,f,Female,t,f,t,t
PAT_63,f,f,Brazil,Norway,36,f,Female,f,t,t,t
PAT_632,f,f,Unknown,Unknown,73,f,Female,f,f,t,t
PAT_633,t,t,Pomerania,Pomerania,61,t,Male,f,f,t,f
PAT_636,f,f,Brazil,Brazil,78,f,Female,t,t,t,t
PAT_637,t,t,Brazil,Brazil,69,f,Male,f,t,t,t
PAT_638,f,f,Netherlands,Pomerania,73,f,Female,t,f,t,t
PAT_639,f,t,Germany,Netherlands,66,f,Female,t,t,t,t
PAT_645,f,f,Germany,Germany,57,t,Female,t,f,f,f
PAT_649,t,f,Brazil,Brazil,67,t,Female,f,f,t,t
PAT_65,f,f,Brasil,Germany,61,f,Female,f,t,t,t
PAT_651,f,f,Italy,Germany,78,f,Female,t,t,t,t
PAT_655,f,f,Germany,Germany,53,f,Female,t,f,t,t
PAT_660,f,f,Poland,Germany,42,t,Female,t,t,t,t
PAT_662,f,t,Germany,Germany,40,f,Male,t,t,t,t
PAT_663,f,f,Brazil,Brazil,58,f,Female,t,t,t,t
PAT_664,f,f,Italy,Germany,69,f,Female,t,f,t,t
PAT_67,f,t,Brazil,Brazil,37,t,Male,f,t,t,t
PAT_673,f,f,Netherlands,France,70,t,Female,t,t,t,t
PAT_677,f,f,Italy,Italy,75,t,Male,f,t,t,t
PAT_68,f,f,Italy,Italy,59,f,Female,f,t,t,f
PAT_680,t,f,Portugal,Italy,78,f,Male,t,t,t,t
PAT_682,f,f,Pomerania,Pomerania,75,f,Female,t,f,t,t
PAT_684,f,t,Pomerania,Pomerania,79,f,Male,t,f,f,f
PAT_686,t,t,Germany,Germany,32,t,Male,t,t,t,t
PAT_688,f,f,Germany,Germany,54,f,Female,t,f,t,t
PAT_689,t,t,Germany,Germany,55,t,Male,f,f,t,t
PAT_69,f,f,Germany,Germany,66,f,Female,f,t,f,f
PAT_691,f,t,Pomerania,Germany,56,t,Male,f,f,f,t
PAT_692,f,f,Germany,Germany,71,t,Female,t,f,t,t
PAT_698,f,f,Pomerania,Pomerania,82,f,Female,f,f,t,t
PAT_699,f,f,Germany,Germany,76,f,Male,f,f,t,t
PAT_70,f,t,Italy,Italy,67,t,Male,f,f,f,f
PAT_701,f,t,Pomerania,Pomerania,69,f,Male,t,f,t,t
PAT_703,f,t,Germany,Germany,67,f,Female,t,f,f,f
PAT_704,f,f,Pomerania,Pomerania,82,f,Male,f,f,t,t
PAT_705,f,t,Germany,Germany,58,t,Female,t,t,t,t
PAT_71,f,f,Pomerania,Pomerania,57,t,Female,t,t,t,t
PAT_711,f,f,Germany,Germany,50,f,Male,t,f,t,f
PAT_714,t,f,Germany,Germany,67,t,Male,t,t,t,t
PAT_715,f,t,Pomerania,Pomerania,80,t,Male,f,t,t,t
PAT_716,f,f,Germany,Germany,56,f,Female,f,t,t,t
PAT_719,f,f,Pomerania,Pomerania,66,t,Female,t,t,t,t
PAT_72,f,f,Pomerania,Pomerania,36,f,Female,t,f,t,t
PAT_720,f,t,Germany,Germany,54,f,Female,f,t,t,t
PAT_721,f,f,Pomerania,Pomerania,62,t,Female,t,f,t,t
PAT_724,f,f,Germany,Germany,49,t,Female,t,f,t,t
PAT_726,f,f,Pomerania,Pomerania,56,f,Female,f,f,f,f
PAT_727,f,f,Germany,Germany,87,f,Male,f,f,t,t
PAT_728,f,f,Pomerania,Pomerania,57,t,Female,t,f,t,t
PAT_731,f,f,Pomerania,Pomerania,66,f,Male,f,f,t,t
PAT_734,f,f,Germany,Germany,41,f,Male,f,f,t,f
PAT_735,f,f,Pomerania,Pomerania,68,t,Male,f,f,t,t
PAT_737,f,f,Germany,Germany,51,t,Female,f,t,t,t
PAT_738,f,f,Pomerania,Pomerania,58,t,Female,t,t,f,t
PAT_739,f,t,Pomerania,Pomerania,51,t,Male,f,t,t,t
PAT_74,f,f,Brasil,Brazil,56,f,Female,t,f,t,t
PAT_742,f,f,Pomerania,Pomerania,78,f,Female,f,f,t,t
PAT_744,f,f,Germany,Germany,90,f,Male,f,t,t,t
PAT_746,f,f,Germany,Germany,71,f,Female,t,t,t,t
PAT_749,f,t,Brazil,Brazil,39,t,Male,f,f,t,t
PAT_753,f,f,Germany,Germany,61,f,Female,f,t,t,t
PAT_754,f,f,Italy,Germany,75,f,Male,t,f,t,t
PAT_755,f,f,Pomerania,Pomerania,70,f,Male,f,t,t,t
PAT_756,f,t,Italy,Italy,27,f,Female,f,t,t,t
PAT_757,f,f,Germany,Germany,77,f,Male,t,f,t,t
PAT_759,f,f,Germany,Germany,74,f,Male,f,f,t,f
PAT_76,f,f,Italy,Italy,94,f,Male,f,f,t,t
PAT_763,f,f,Brazil,Brazil,66,f,Female,f,t,t,t
PAT_764,f,f,Italy,Italy,69,f,Male,f,f,t,f
PAT_766,f,f,Italy,Italy,63,t,Male,f,f,f,f
PAT_770,f,f,Brazil,Brazil,79,t,Male,f,f,t,t
PAT_771,t,t,Italy,Italy,69,f,Male,f,t,t,t
PAT_778,f,t,Germany,Italy,52,f,Female,f,t,t,t
PAT_78,t,t,Germany,Germany,54,f,Male,f,f,t,t
PAT_781,f,f,Germany,Germany,55,f,Female,t,t,t,t
PAT_782,f,f,Germany,Germany,71,f,Male,t,t,f,t
PAT_785,f,f,Italy,Italy,77,f,Female,f,f,f,f
PAT_788,f,f,Italy,Italy,60,t,Female,f,f,t,f
PAT_789,f,f,Germany,Germany,70,t,Male,t,f,t,t
PAT_79,f,f,Pomerania,Pomerania,63,f,Female,f,f,t,t
PAT_792,f,t,Brazil,Brazil,58,t,Female,f,f,t,t
PAT_793,f,f,Italy,Italy,36,f,Male,f,t,t,f
PAT_795,f,t,Germany,Germany,69,t,Male,t,t,t,t
PAT_799,f,f,Pomerania,Pomerania,73,f,Female,f,f,t,t
PAT_801,f,f,Italy,Italy,43,f,Female,f,t,t,t
PAT_802,t,f,Germany,Germany,60,t,Male,f,f,t,t
PAT_805,f,f,Germany,Germany,58,f,Female,f,f,t,t
PAT_806,f,f,Germany,Germany,54,f,Male,t,f,t,t
PAT_809,f,f,Germany,Germany,66,f,Female,f,t,t,t
PAT_81,f,f,Pomerania,Pomerania,63,f,Male,t,t,t,f
PAT_810,t,f,Brazil,Germany,51,t,Male,f,f,t,t
PAT_814,f,t,Pomerania,Pomerania,63,t,Male,f,t,t,t
PAT_817,f,t,Germany,Germany,85,f,Male,t,t,t,t
PAT_82,f,f,Pomerania,Pomerania,71,t,Male,f,t,f,f
PAT_823,f,t,Germany,Germany,64,t,Male,t,f,t,t
PAT_824,f,f,Germany,Germany,83,t,Male,t,f,t,f
PAT_83,f,f,Germany,Germany,64,f,Female,t,t,t,t
PAT_831,f,f,Italy,Italy,72,f,Female,f,f,t,t
PAT_833,f,t,Italy,Italy,37,t,Male,t,t,t,f
PAT_834,f,f,Germany,Germany,81,f,Male,t,t,t,f
PAT_838,f,f,Pomerania,Pomerania,53,f,Female,f,t,t,t
PAT_84,f,f,Pomerania,Pomerania,69,f,Female,f,t,f,f
PAT_842,f,f,Germany,Germany,40,t,Female,t,t,t,f
PAT_844,t,f,Italy,Italy,63,f,Male,f,f,f,f
PAT_847,f,f,Pomerania,Pomerania,60,t,Male,f,t,t,t
PAT_849,f,f,Brazil,Germany,63,t,Male,f,t,t,t
PAT_851,f,f,Pomerania,Pomerania,77,f,Female,t,t,t,t
PAT_853,f,t,Italy,Italy,77,f,Female,f,t,t,t
PAT_86,f,f,Pomerania,Pomerania,53,f,Female,t,f,t,t
PAT_860,f,t,Germany,Germany,57,t,Female,t,f,t,t
PAT_861,f,t,Pomerania,Pomerania,46,f,Male,t,f,t,t
PAT_862,f,f,Germany,Germany,57,f,Female,f,t,t,t
PAT_864,f,f,Pomerania,Pomerania,55,f,Female,f,f,t,t
PAT_866,f,t,Pomerania,Pomerania,56,t,Male,t,t,t,f
PAT_867,f,f,Pomerania,Pomerania,47,t,Female,t,f,t,t
PAT_868,f,t,Italy,Italy,64,t,Male,f,t,f,f
PAT_87,f,f,Pomerania,Pomerania,57,f,Female,t,t,f,f
PAT_873,f,t,Germany,Italy,69,f,Male,f,f,t,t
PAT_874,f,f,Pomerania,Pomerania,84,f,Female,f,f,f,t
PAT_878,f,f,Pomerania,Netherlands,74,t,Female,f,t,t,t
PAT_88,f,t,Germany,Pomerania,65,t,Male,t,t,f,f
PAT_880,f,f,Germany,Germany,83,f,Female,t,f,t,f
PAT_883,f,t,Germany,Germany,71,t,Male,f,t,t,t
PAT_885,f,t,Pomerania,Pomerania,51,f,Female,f,f,t,f
PAT_889,f,f,Pomerania,Pomerania,71,f,Female,f,f,t,t
PAT_89,f,f,Pomerania,Pomerania,64,f,Female,t,f,f,f
PAT_891,f,f,Pomerania,Pomerania,57,f,Female,t,f,t,f
PAT_9,f,t,Italy,Italy,54,f,Male,f,f,t,f
PAT_90,f,f,Pomerania,Pomerania,74,f,Female,f,t,t,t
PAT_901,f,t,Germany,Germany,60,t,Male,f,f,f,f
PAT_905,f,f,Pomerania,Pomerania,76,t,Male,f,t,t,f
PAT_91,f,f,Italy,Portugal,65,t,Male,f,t,t,t
PAT_914,f,f,Germany,Germany,74,f,Female,f,f,t,t
PAT_918,f,f,Portugal,Pomerania,91,f,Female,f,f,f,f
PAT_919,f,f,Pomerania,Pomerania,65,f,Female,f,f,t,f
PAT_921,f,t,Germany,Germany,62,f,Male,f,t,t,t
PAT_923,f,f,Pomerania,Pomerania,66,f,Female,t,f,f,f
PAT_924,f,f,Germany,Germany,64,f,Female,t,f,t,t
PAT_927,f,f,Germany,Germany,64,t,Female,f,t,f,f
PAT_93,f,t,Unknown,Unknown,65,f,Male,f,f,t,t
PAT_931,f,f,Pomerania,Pomerania,71,f,Female,f,f,t,t
PAT_937,f,t,Germany,Germany,64,f,Male,f,t,t,t
PAT_942,t,t,Pomerania,Pomerania,67,t,Male,t,f,t,t
PAT_943,f,f,Pomerania,Pomerania,32,t,Female,f,f,f,f
PAT_944,f,t,Pomerania,Pomerania,31,t,Male,f,f,t,t
PAT_946,f,f,Pomerania,Pomerania,52,f,Female,f,f,t,t
PAT_948,t,f,Pomerania,Pomerania,58,t,Female,f,f,f,f
PAT_950,f,t,Pomerania,Pomerania,53,t,Male,t,t,f,f
PAT_951,f,f,Pomerania,Pomerania,52,f,Male,f,f,t,t
PAT_953,f,t,Pomerania,Pomerania,53,t,Female,t,f,f,t
PAT_960,f,f,Pomerania,Pomerania,59,t,Male,t,t,f,f
PAT_962,f,f,Pomerania,Pomerania,52,t,Male,t,t,f,f
PAT_963,f,t,Italy,Germany,58,t,Male,t,f,t,t
PAT_966,f,f,Pomerania,Pomerania,46,f,Female,f,f,f,f
PAT_968,f,t,Pomerania,Pomerania,56,t,Male,f,t,f,t
PAT_97,f,f,Germany,Germany,47,t,Male,f,f,t,f
PAT_971,f,f,Pomerania,Pomerania,64,t,Female,f,f,t,t
PAT_972,f,f,Pomerania,Pomerania,45,f,Female,t,f,f,f
PAT_973,f,f,Italy,Italy,64,t,Male,f,t,t,t
PAT_975,f,t,Pomerania,Pomerania,21,t,Male,t,f,t,t
PAT_976,f,f,Pomerania,Pomerania,85,t,Female,f,f,t,t
PAT_982,f,f,Pomerania,Pomerania,68,f,Female,t,t,t,t
PAT_983,f,f,Pomerania,Pomerania,78,f,Female,f,f,t,t
PAT_985,f,f,Pomerania,Pomerania,49,t,Male,t,f,t,t
PAT_987,f,f,Pomerania,Pomerania,47,t,Female,t,f,f,f
PAT_988,f,f,Pomerania,Pomerania,78,f,Female,t,f,t,f
PAT_99,f,f,Pomerania,Pomerania,78,f,Female,f,t,t,t
PAT_992,f,f,Germany,Germany,51,t,Male,f,f,f,f
PAT_994,f,f,Pomerania,Pomerania,52,t,Female,t,t,t,f
PAT_996,f,f,Unknown,Unknown,50,f,Male,f,f,f,f
PAT_997,f,f,Unknown,Unknown,60,f,Male,f,f,f,f
PAT_998,f,f,Unknown,Unknown,50,f,Female,f,f,f,f
PAT_999,f,f,Unknown,Unknown,40,f,Female,f,f,f,f
PAT_186,f,f,Unknown,Germany,74,t,Male,t,t,f,f
PAT_309,f,f,Unknown,Germany,89,f,Female,t,t,t,t
PAT_352,f,f,Unknown,Brazil,21,f,Female,f,t,t,t
PAT_414,f,f,Unknown,Italy,20,t,Female,f,f,f,f
PAT_420,f,t,Unknown,Italy,37,f,Female,f,t,f,f
PAT_428,f,f,Unknown,Italy,73,f,Female,f,f,f,f
PAT_520,f,f,Unknown,Germany,68,t,Male,t,t,t,f
PAT_631,f,t,Unknown,Italy,64,f,Male,t,t,t,f
PAT_747,f,f,Unknown,Brazil,55,f,Male,t,f,t,t
PAT_846,f,f,Unknown,Germany,63,t,Female,t,f,t,t
PAT_852,f,f,Unknown,Germany,56,f,Male,t,f,t,t
PAT_202,f,f,Italy,Unknown,77,f,Female,f,t,t,t
PAT_214,f,f,Germany,Unknown,73,t,Male,t,t,f,f
PAT_356,f,t,Germany,Unknown,58,t,Male,t,f,f,f
PAT_468,f,t,Pomerania,Unknown,40,f,Male,t,f,t,f
PAT_641,f,f,Germany,Unknown,20,f,Female,t,f,t,f
PAT_690,f,f,Netherlands,Unknown,58,f,Female,t,t,t,t
PAT_693,f,f,Israel,Unknown,64,t,Female,t,t,t,t
PAT_886,f,f,Germany,Unknown,70,f,Female,f,f,t,t
PAT_183,f,f,Unknown,Unknown,76,f,Male,t,f,f,f
PAT_194,f,f,Unknown,Unknown,63,f,Male,f,t,t,t
PAT_213,f,f,Unknown,Unknown,81,f,Male,f,f,t,t
PAT_228,f,f,Unknown,Unknown,43,f,Female,t,t,f,f
PAT_244,f,f,Unknown,Unknown,35,t,Male,f,t,t,t
PAT_295,f,f,Unknown,Unknown,62,f,Female,t,t,f,f
PAT_317,f,f,Unknown,Unknown,65,f,Female,t,t,t,t
PAT_390,f,t,Unknown,Unknown,43,t,Male,t,t,f,f
PAT_563,f,f,Unknown,Unknown,72,f,Female,t,t,t,t
PAT_604,t,f,Unknown,Unknown,76,f,Female,f,t,t,t
PAT_614,f,f,Unknown,Unknown,56,f,Female,f,t,t,t
PAT_656,f,f,Unknown,Unknown,58,f,Male,f,f,t,t
PAT_679,t,f,Unknown,Unknown,75,f,Male,t,t,t,t
PAT_687,t,f,Unknown,Unknown,49,f,Female,f,t,f,f
PAT_707,f,f,Unknown,Unknown,55,t,Female,f,t,t,t
PAT_822,f,f,Unknown,Unknown,72,f,Male,f,f,t,t
PAT_826,f,f,Unknown,Unknown,77,f,Female,t,t,t,t
PAT_85,f,f,Unknown,Unknown,71,f,Female,f,t,f,f
PAT_856,f,t,Unknown,Unknown,51,t,Male,t,t,t,t
PAT_877,f,t,Unknown,Unknown,62,t,Male,f,f,f,f
PAT_961,f,f,Unknown,Unknown,71,t,Male,f,t,t,t
PAT_995,f,f,Unknown,Unknown,49,f,Female,f,f,f,f
